CO_SEQ_APRESENTACAO_PRODUTO;NU_APRESENTACAO_PRODUTO;NU_REGISTRO;VALIDADE;DS_FORMA_FISICA;SITUACAO_APRESENTACAO;MATERIAL_EMBALAGENS;TIPO_EMBALAGENS;EMPRESAS_ENVASADORAS;EMPRESAS_INTERNACIONAIS;GRUPOS_POPULACIONAIS;VIAS_ADMINISTRACAO;TABELA_NUTRICIONAL;INTOLERANCIAS;ALERGENICOS;CO_PRODUTO;DT_CARGA_ETL
2857441;1;"6632000230013";"12 Meses";"*******";"ATIVA";"Primária - CELULOSICA | Primária - ELASTOMERICA | Primária - METALICA | Primária - PLASTICA";"Primária - caixa";"CASTROLANDA - COOPERATIVA AGROINDUSTRIAL LTDA - CASTRO - BRASIL ; 76108349001428 | PRODIET NUTRIÇÃO CLINICA S.A. - CURITIBA - BRASIL ; 08183359000153 | PRODIET NUTRIÇÃO CLÍNICA S. A. - ARAUCÁRIA - BRASIL ; 08183359000315";;;"ENTERAL | ORAL";"Água, Maltodextrina da tapioca, Óleo Vegetal (Girassol, Canola e Milho/Soja),
Proteína Isolada de Soja, Proteína do Leite (Caseinato de Cálcio), Isomaltulose,
Minerais (Cloreto de Potássio, Citrato Sódico, Fosfato de Cálcio Dibásico, Fosfato de
Potássio Monobásico, Carbonato de Magnésio, Citrato de Potássio, Gluconato de
Zinco, Gluconato Ferroso, Sulfato de Manganês, Sulfato de Cobre, Selenato de Sódio, Cloreto de Cromo, Iodeto de Potássio, Molibdato de Sódio), Polidextrose,
Polissacarídeo da Soja, Vitaminas (Citrato de Colina, L-ascorbato de sódio, Acetato
de DL-alfa Tocoferila, Nicotinamida, Palmitato de Retinila, D-Pantotenato de Cálcio,
Betacaroteno, Colecalciferol, Cloridrato de Piridoxina, Tiamina Mononitrato, DBiotina,
Riboflavina, Ácido N-pteroil-L-Glutâmico, Fitomenadiona, Cianocobalamina),
L-carnitina. Emulsificantes Mono e Diglicerídeos de Ácidos Graxos e Lecitina de Soja, Aromatizante, Estabilizante Carragena, Edulcorante Artificial Sucralose.";"Contém Glúten - Não | Contém Lactose - Não";"Contém derivado de - Leites de todas as espécies de animais mamíferos#Soja | Não contém - Amendoim#Amêndoa#Aveia#Avelãs#Castanha-de-caju#Castanha-do-brasil ou castanha-do-pará#Castanhas#Centeio#Cevada#Crustáceos#Látex natural#Macadâmias#Nozes#Ovos#Pecãs#Peixes#Pinoli#Pistaches#Trigo | ";1781500;"05/10/2026 01:11:58"
10055201;11;"6657701720111";"18 Meses";"PÓ";"ATIVA";"Primária - METALICA | Primária - PLASTICA";;"T&AG Armazéns Gerais Ltda EPP - POÇOS DE CALDAS - BRASIL ; 07988123001284 | danone ltda - POÇOS DE CALDAS - BRASIL ; 23643315014293";"BLÉDINA - FRANÇA ; D000008 | CUIJK BABY NUTRITION - HOLANDA (PAÍSES BAIXOS) ; D000019 | KASDORF S.A. - ARGENTINA ; D000007 | LA SIBILA - ARGENTINA ; D000023 | MILUPA GMBH - ALEMANHA ; D000024 | NILAI BABY NUTRITION - MALÁSIA ; D000011 | NUTRICIA - NOVA ZELÂNDIA ; D000012 | NUTRICIA CUIJK BV - HOLANDA (PAÍSES BAIXOS) ; D000022 | NUTRICIA INFANT NUTRITION LTDA - IRLANDA ; D000010 | NUTRICIA INFANT NUTRITION LTDA - IRLANDA ; D000020 | NUTRICIA ZAKLADY PRODUKCYJNE - POLÔNIA ; D000021 | PT. SARI HUSADA - INDONÉSIA ; D000009";"12 a 36 meses";"ORAL";"leite parcialmente desnatado, soro de leite, lactose, óleos vegetais (óleo de canola, óleo de palma, óleo de girassol, óleo de girassol alto oleico), fibras alimentares (galacto-oligossacarídeos, fruto-oligossacarídeos, 2-fucosilactose), maltodextrina, fosfolipídio do ovo, óleo de peixe, carbonato de cálcio, óleo de Mortierella alpina, ácido L- ascórbico, citrato tripotássico, taurina, mio-inositol, sulfato ferroso, fosfato de cálcio dibásico, sulfato de zinco, cloreto de colina, acetato de DL-alfa-tocoferila, citidina – 5-monofosfato, sal dissódico de uridina 5- monofosfato, adenosina 5-monofosfato, sal dissódico de inosina 5- monofosfato, nicotinamida, D- pantotenato de cálcio, gluconato cúprico, sal dissódico de guanosina 5- monofosfato, palmitato de retinila, DL-alfa-tocoferol, cloridrato de piridoxina, cloridrato de cloreto de tiamina, riboflavina, sulfato de manganês (II), ácido N-pteroil- L- glutâmico, iodato de potássio, fitomenadiona, selenito de sódio, colecalciferol, D-biotina, cianocobalamina e emulsificante lecitina de soja.";"Contém Glúten - Não | Contém Lactose - Sim";"Contém derivado de - Ovos#Peixes#Soja | Não contém - Amendoim#Amêndoa#Aveia#Avelãs#Castanha-de-caju#Castanha-do-brasil ou castanha-do-pará#Castanhas#Centeio#Cevada#Crustáceos#Leites de todas as espécies de animais mamíferos#Látex natural#Macadâmias#Nozes#Pecãs#Pinoli#Pistaches#Trigo | ";2240797;"05/10/2026 01:11:58"
429804972;1;;"24 Meses";"CÁPSULA";"INATIVA";"Primária - PLASTICA";"Primária - frasco";"emz laboratorio nutricional ltda - ASSIS - BRASIL ; 41486715000183";;"Maior ou igual a 19 anos";"ORAL";"Cafeína anidra em pó, excipiente: silicato de magnésio, antiumectante: dióxido de silício. Composição da capsula: gelatina.";"Contém Glúten - Não | Contém Lactose - Não";"Não contém - Amendoim#Amêndoa#Aveia#Avelãs#Castanha-de-caju#Castanha-do-brasil ou castanha-do-pará#Castanhas#Centeio#Cevada#Crustáceos#Leites de todas as espécies de animais mamíferos#Látex natural#Macadâmias#Nozes#Ovos#Pecãs#Peixes#Pinoli#Pistaches#Soja#Trigo | ";3785446;"05/10/2026 01:11:58"
429807342;4;;"14 Meses";"PÓ";"ATIVA";"Primária - METALICA";"Primária - saco";"world blend master alimentos, indústria, comércio, importação e exportação ltda - JUNDIAÍ - BRASIL ; 06017101000313";;"Maior ou igual a 19 anos";"ORAL";"Proteína de ervilha (Pisum sativum L.), biscoito tipo "cookies" (amido de mandioca, leite de arroz, óleo de coco, polidextrose, farinha de arroz, cacau alcalino preto m pó, aromas naturais, espessante goma xantana e emulsificante lecitina de girassol), pó para preparo de bebida de arroz (arroz, betaglucana, óleo de girassol e sal), aromatizantes, espessantes: (goma arábica e goma xantana) e edulcorante glicosídeos de esteviol de Stevia rebaudiana Bertoni.";"Contém Glúten - Não | Contém Lactose - Não";"Contém derivado de - Aveia | Não contém - Amendoim#Amêndoa#Avelãs#Castanha-de-caju#Castanha-do-brasil ou castanha-do-pará#Castanhas#Centeio#Cevada#Crustáceos#Látex natural#Macadâmias#Nozes#Ovos#Pecãs#Peixes#Pinoli#Pistaches#Trigo | Pode conter - Leites de todas as espécies de animais mamíferos#Soja | ";3789741;"05/10/2026 01:11:59"
429937536;1;"6596502030010";"24 Meses";"PÓ";"ATIVA";"Primária - METALICA";"Primária - lata";"NESTLE DO BRASIL LTDA - ARAÇATUBA - BRASIL ; 60409075002953 | Nestle Brasil LTDA - SÃO BERNARDO DO CAMPO - BRASIL ; 60409075010034";"NESTLÉ NEDERLAND B.V. - HOLANDA (PAÍSES BAIXOS) ; D000038 | NESTLÉ SUISSE SA - SUÍÇA ; D000050";"Não há restrição";"ENTERAL E ORAL";"Ingredientes: xarope de glicose, caseinato de potássio, sacarose, gordura láctea, triglicerídeos de cadeia média, minerais (cloreto de magnésio, fosfato de cálcio tribásico, citrato de sódio, citrato de potássio, carbonato de cálcio, cloreto de potássio, sulfato ferroso, sulfato de zinco, sulfato de manganês, sulfato de cobre, cloreto de cromo, iodeto de potássio, molibidato de sódio, selenato de sódio), óleo de milho, vitaminas (L-ascorbato de sódio, bitartarato de colina, acetato de DL-alfa-tocoferila, nicotinamida, D-pantotenato de cálcio, cloridrato de piridoxina, cloridrato de tiamina, riboflavina, acetato de retinila, ácido N-pteroil-L-glutâmico, fitomenadiona, D-biotina, colecalciferol, cianocobalamina), maltodextrina, amido modificado e emulsificante lecitina.";"Contém Glúten - Não | Contém Lactose - Não";"Contém derivado de - Leites de todas as espécies de animais mamíferos#Soja | Não contém - Amendoim#Amêndoa#Aveia#Avelãs#Castanha-de-caju#Castanha-do-brasil ou castanha-do-pará#Castanhas#Centeio#Cevada#Crustáceos#Látex natural#Macadâmias#Nozes#Ovos#Pecãs#Peixes#Pinoli#Pistaches#Trigo | ";3868153;"05/10/2026 01:11:59"
430143261;1;;"18 Meses";"PÓ";"ATIVA";"Primária - METALICA";"Primária - lata";"BNT FARMA LTDA - ITARARÉ - BRASIL ; 21027384000106";;"Maior ou igual a 19 anos";"ORAL";"Gluconato de zinco, ácido ascórbico, cloreto de magnésio metilsulfonilmetano (MSM), cloridrato de glucosamina obtido a partir de fermentação por E. coli AT-29, colágeno de frango com colágeno tipo II não desnaturado, sulfato de condroitina produzido a partir da fermentação de Escherichia coli, hialuronato de sódio obtido pela fermentação de Streptococcus zooepidemicus, menaquinona-7, vitamina D3 (colecalciferol), agente de massa maltodextrina , acidulante ácido cítrico, aroma idêntico ao natural de tutti frutti, estabilizante bicarbonato de sódio, antiumectante fosfato tricalcio, edulcorante sucralose e corante azul brilhante. "";"Contém Glúten - Não | Contém Lactose - Não";"Não contém - Amendoim#Amêndoa#Aveia#Avelãs#Castanha-de-caju#Castanha-do-brasil ou castanha-do-pará#Castanhas#Centeio#Cevada#Crustáceos#Leites de todas as espécies de animais mamíferos#Látex natural#Macadâmias#Nozes#Ovos#Pecãs#Peixes#Pinoli#Pistaches#Soja#Trigo | ";3929988;"05/10/2026 01:11:59"
430184137;1;"6596502050011";"18 Meses";"PÓ";"ATIVA";"Primária - METALICA";"Primária - lata";"NESTLE DO BRASIL LTDA - ARAÇATUBA - BRASIL ; 60409075002953 | Nestle Brasil LTDA - SÃO BERNARDO DO CAMPO - BRASIL ; 60409075010034";"NESTLÉ ARGENTINA S.A - ARGENTINA ; D000273 | NESTLÉ ARGENTINA S.A - ARGENTINA ; D000274 | NESTLÉ CHILE S.A – CHILE (CANCURA) - CHILE ; D000093 | NESTLÉ DEUTSCHLAND AG - ALEMANHA ; D000077 | NESTLÉ MÉXICO S.A. DE C.V. - MÉXICO ; D000051 | NESTLÉ MÉXICO S.A. DE C.V. - MÉXICO ; D000085 | NESTLÉ MÉXICO S.A. DE C.V. - MÉXICO ; D000086 | NESTLÉ MÉXICO S.A. DE C.V. - MÉXICO ; D000087";"1 a 3 anos";"ORAL";"soro de leite desmineralizado*, leite em pó desnatado*, maltodextrina, oleína de palma, galacto-oligossacarídeos, lactose, óleo de palmiste, óleo de canola com baixo teor erúcico, óleo de milho, proteína concentrada de soro de leite*, carbonato de cálcio, fruto-oligossacarídeos, L-ascorbato de sódio, cloreto de sódio, sulfato ferroso, cloreto de magnésio, sulfato de zinco, acetato de DL-a-tocoferila, D-pantotenato de cálcio, nicotinamida, sulfato de cobre, tiamina mononitrato, acetato de retinila, cloridrato de piridoxina, riboflavina, ácido N-pteroil-L-glutâmico, fitomenadiona, iodeto de potássio, D-biotina, colecalciferol, selenato de sódio, cianocobalamina, reguladores de acidez citrato de potássio, ácido cítrico e hidróxido de potássio e emulsificante lecitina.";"Contém Glúten - Não | Contém Lactose - Sim";"Contém - Leites de todas as espécies de animais mamíferos#Soja | Não contém - Amendoim#Amêndoa#Aveia#Avelãs#Castanha-de-caju#Castanha-do-brasil ou castanha-do-pará#Castanhas#Centeio#Cevada#Crustáceos#Látex natural#Macadâmias#Nozes#Ovos#Pecãs#Peixes#Pinoli#Pistaches#Trigo | ";3932328;"05/10/2026 01:11:59"
430297485;1;;"12 Meses";"PASTILHA DE GOMA";"ATIVA";"Primária - CELULOSICA | Primária - METALICA";"Primária - envelope";"Alphafitus laboratório nutracêutico ltda - IÇARA - BRASIL ; 01481057000112 | BIO FITNESS COMERCIO EXTERIOR LTDA - SANTOS - BRASIL ; 02836234000107 | DESINCHA COMERCIO DE PRODUTOS NATURAIS LTDA. - SERRA - BRASIL ; 27558408000997 | GVL INDÚSTRIA DE SUPLEMENTOS ALIMENTARES LTDA ME - TAPIRATIBA - BRASIL ; 19965188000130 | INOVA VIT PRODUTOS NATURAIS LTDA - GUARULHOS - BRASIL ; 55602027000146 | INTL LABORATORIOS NUTRACEUTICOS LTDA - ITU - BRASIL ; 24634280000239 | MI AGITI INDUSTRIA E COMERCIO DE ALIMENTOS E COSMETICOS LTDA - CAMPO GRANDE - BRASIL ; 28749441000290 | NASCIMENTO E FILHO INDUSTRIA E COMERCIO DE DOCES LTDA - SÃO LOURENÇO - BRASIL ; 04584854000113 | SCOTT LAB INDUSTRIA E COMERCIO DE SUPLEMENTOS ALIMENTICIOS LTDA - FRANCA - BRASIL ; 60239098000166 | ZELE INDUSTRIA DE ALIMENTOS LTDA - PORTÃO - BRASIL ; 18181876000147 | advanced labs ltda - DIADEMA - BRASIL ; 32679114000104";;"Maior ou igual a 19 anos";"ORAL";"Creatina monohidratada, leite integral, leite integral em pó, água, cacau em pó, espessantes polidextrose e gelatina, edulcorantes isomalte, sorbitol e sucralose, estabilizantes pectina e citrato trissódico, conservante sorbato de potássio, regulador de acidez bicarbonato de sódio e aromatizante.";"Contém Glúten - Não | Contém Lactose - Sim";"Contém - Leites de todas as espécies de animais mamíferos | Não contém - Amendoim#Amêndoa#Aveia#Avelãs#Castanha-de-caju#Castanha-do-brasil ou castanha-do-pará#Castanhas#Centeio#Cevada#Crustáceos#Látex natural#Macadâmias#Nozes#Ovos#Pecãs#Peixes#Pinoli#Pistaches#Soja#Trigo | ";3970060;"05/10/2026 01:11:59"
430351917;2;;"24 Meses";"PÓ";"ATIVA";"Primária - METALICA";"Primária - saco";"J B MAGALHAES LTDA - ITAPEMIRIM - BRASIL ; 10471806000111";;"Maior ou igual a 19 anos";"ORAL";"beta-alanina, cloridrato de L-arginina, taurina, L-tirosina, cafeína, cloridrato de piridoxina (vitamina B6), colecalciferol (vitamina D3), metilcobalamina (vitamina B12), agente de massa sorbitol (INS 420i), acidulante ácido cítrico (INS 330), aromatizante idêntico ao natural, antiumectantes fosfato tricálcico (INS 341iii) e dióxido de silício (INS 551), edulcorante sucralose (INS 955) e corante vermelho 40 (INS 129).";"Contém Glúten - Não | Contém Lactose - Não";"Não contém - Amendoim#Amêndoa#Aveia#Avelãs#Castanha-de-caju#Castanha-do-brasil ou castanha-do-pará#Castanhas#Centeio#Cevada#Crustáceos#Leites de todas as espécies de animais mamíferos#Látex natural#Macadâmias#Nozes#Ovos#Pecãs#Peixes#Pinoli#Pistaches#Soja#Trigo | ";4000462;"05/10/2026 01:12:00"
430353165;1;;"24 Meses";"CÁPSULA DURA";"ATIVA";"Primária - PLASTICA";"Primária - frasco";"OLIVYFLORA INDUSTRIA E COMERCIO PRODUTOS NATURAIS LTDA - CACHOEIRO DE ITAPEMIRIM - BRASIL ; 04049717000189";;"Maior ou igual a 19 anos";"ORAL";"Metilcobalamina (vitamina B12), Coposição da Capsula: Gelatina e Umectante glcierina. NÃO CONTEM GLÚTEN.";"Contém Glúten - Não | Contém Lactose - Não";"Não contém - Amendoim#Amêndoa#Aveia#Avelãs#Castanha-de-caju#Castanha-do-brasil ou castanha-do-pará#Castanhas#Centeio#Cevada#Crustáceos#Leites de todas as espécies de animais mamíferos#Látex natural#Macadâmias#Nozes#Ovos#Pecãs#Peixes#Pinoli#Pistaches#Soja#Trigo | ";4001149;"05/10/2026 01:12:00"
430353446;1;;"2 Anos";"PÓ";"ATIVA";"Primária - METALICA";"Primária - lata";"NUF FARMACEUTICA LTDA - CRAVINHOS - BRASIL ; 35064106000133";;"Maior ou igual a 19 anos";"ORAL";"Creatina monohidratada; Ácido cítrico, Edulmix; Aroma idêntico ao natural de tangerina; Ácido Ascórbico; Colágeno Tipo II; Corante amarelo Crepúsculo e Dióxido de Silício";"Contém Glúten - Não | Contém Lactose - Não";"Não contém - Amendoim#Amêndoa#Aveia#Avelãs#Castanha-de-caju#Castanha-do-brasil ou castanha-do-pará#Castanhas#Centeio#Cevada#Crustáceos#Leites de todas as espécies de animais mamíferos#Látex natural#Macadâmias#Nozes#Ovos#Pecãs#Peixes#Pinoli#Pistaches#Soja#Trigo | ";4001280;"05/10/2026 01:12:00"
430353710;8;;"1 Ano";"PÓ";"ATIVA";"Primária - PLASTICA";"Primária - saco";"OMEGA NUTRITION INDUSTRIA, COMERCIO E IMPORTACAO LTDA - SÃO JOÃO DA BOA VISTA - BRASIL ; 12939332000115";;"Maior ou igual a 19 anos";"ORAL";"PROTEINA DO SORO DE LEITE CONCENTRADA, AROMA IDENTICO AO NATURAL DE MORANGO, GOMA XANTANA, SUCRALOSE, CORANTE VERMELHO AMARANTO";"Contém Glúten - Não | Contém Lactose - Sim";"Contém - Leites de todas as espécies de animais mamíferos | Não contém - Amendoim#Amêndoa#Aveia#Avelãs#Castanha-de-caju#Castanha-do-brasil ou castanha-do-pará#Castanhas#Centeio#Cevada#Crustáceos#Látex natural#Macadâmias#Nozes#Ovos#Pecãs#Peixes#Pinoli#Pistaches#Soja#Trigo | ";4001382;"05/10/2026 01:12:00"
430353755;5;;"24 Meses";"PÓ";"ATIVA";"Primária - PLASTICA";"Primária - saco";"sports nutrition tec alimentos ltda - RIO GRANDE DA SERRA - BRASIL ; 00669755000183";;"Maior ou igual a 19 anos";"ORAL";"Proteína isolada de soja, Proteina concentrada de soja, colágeno hidrolisado, Proteína concentrada do soro do leite, triglicerídeos de cadeia média (TCM), maltodextrina, aromatizantes, corante natural PA Carmin 3% e edulcorante sucralose.";"Contém Glúten - Não | Contém Lactose - Sim";"Contém - Leites de todas as espécies de animais mamíferos#Soja | Não contém - Amendoim#Amêndoa#Aveia#Avelãs#Castanha-de-caju#Castanha-do-brasil ou castanha-do-pará#Castanhas#Centeio#Cevada#Crustáceos#Látex natural#Macadâmias#Nozes#Pecãs#Peixes#Pinoli#Pistaches#Trigo | Pode conter - Ovos | ";4001405;"05/10/2026 01:12:00"
430353756;6;;"24 Meses";"PÓ";"ATIVA";"Primária - PLASTICA";"Primária - saco";"sports nutrition tec alimentos ltda - RIO GRANDE DA SERRA - BRASIL ; 00669755000183";;"Maior ou igual a 19 anos";"ORAL";"Proteína isolada de soja, Proteina concentrada de soja, colágeno hidrolisado, Proteína concentrada do soro do leite, triglicerídeos de cadeia média (TCM), maltodextrina, cacau em pó, aromatizantes, e edulcorante sucralose.";"Contém Glúten - Não | Contém Lactose - Sim";"Contém - Leites de todas as espécies de animais mamíferos#Soja | Não contém - Amendoim#Amêndoa#Aveia#Avelãs#Castanha-de-caju#Castanha-do-brasil ou castanha-do-pará#Castanhas#Centeio#Cevada#Crustáceos#Látex natural#Macadâmias#Nozes#Pecãs#Peixes#Pinoli#Pistaches#Trigo | Pode conter - Ovos | ";4001405;"05/10/2026 01:12:00"
430353005;1;;"2 Anos";"COMPRIMIDO REVESTIDO";"ATIVA";"Primária - METALICA";"Primária - BLÍSTER";"IDNLABS INDUSTRIA PHARMACEUTICAL & FOOD SUPPLEMENTS LDTA - SÃO CAETANO DO SUL - BRASIL ; 40208221000174";;"Maior ou igual a 19 anos";"ORAL";"Bisglicinato de ferro, Fumarato de ferro e Sulfato de ferroso. Estabilizante (Celulose microcristalina – INS 460i), Glaceante (Polietilenoglicol –INS 1521), Estabilizante (Hidroxipropilmetilcelulose – INS 464), Estabilizante (Polivinilpirrolidona insolúvel - INS 1202), Antiumectante (Estearato de magnésio - INS 470iii), Antiumectante (Dióxido de silício – INS 551) e corante (Óxido de ferro vermelho - INS 172ii).";"Contém Glúten - Não | Contém Lactose - Não";"Não contém - Amendoim#Amêndoa#Aveia#Avelãs#Castanha-de-caju#Castanha-do-brasil ou castanha-do-pará#Castanhas#Centeio#Cevada#Crustáceos#Leites de todas as espécies de animais mamíferos#Látex natural#Macadâmias#Nozes#Ovos#Pecãs#Peixes#Pinoli#Pistaches#Soja#Trigo | ";4001060;"05/10/2026 01:12:00"
430353045;1;;"12 Meses";"PÓ";"ATIVA";"Primária - PLASTICA";"Primária - pote";"GOMES SUPLEMENTOS ALIMENTARES LTDA - POÇOS DE CALDAS - BRASIL ; 32098703000190 | GSA ALIMENTOS LTDA - OURO PRETO - BRASIL ; 05297500000150";;"Maior ou igual a 19 anos";"ORAL";"Beta-alanina, maltodextrina, arginina, taurina, cafeína, aroma idêntico ao natural de açaí com guaraná, acidulante ácido cítrico, edulcorante sucralose, corantes amaranto, amarelo crepúsculo FCF e azul brilhante FCF e antiumectante dióxido de silício e fosfato tricálcico.";"Contém Glúten - Não | Contém Lactose - Não";"Não contém - Amendoim#Amêndoa#Aveia#Avelãs#Castanha-de-caju#Castanha-do-brasil ou castanha-do-pará#Castanhas#Centeio#Cevada#Crustáceos#Látex natural#Macadâmias#Nozes#Ovos#Pecãs#Peixes#Pinoli#Pistaches#Trigo | Pode conter - Leites de todas as espécies de animais mamíferos#Soja | ";4001090;"05/10/2026 01:12:00"
430353115;5;;"12 Meses";"PÓ";"ATIVA";"Primária - METALICA";"Primária - sachê";"n7 suplementos esportivos ltda - ASSIS - BRASIL ; 08323567000291";;"Maior ou igual a 19 anos";"ORAL";"Sacarose, maltodextrina, frutose, cloreto de sódio, fosfato monopotássico, citrato de sódio, ácido ascórbico, aroma idêntico ao natural, acidulante ácido cítrico, edulcorante ciclamato de sódio e sucralose, antiumectante fosfato tricálcico e corantes artificiais amarelo tartrazina, INS 171, INS 110, INS 123, INS 133.";"Contém Glúten - Não | Contém Lactose - Não";"Não contém - Amendoim#Amêndoa#Aveia#Avelãs#Castanha-de-caju#Castanha-do-brasil ou castanha-do-pará#Castanhas#Centeio#Cevada#Crustáceos#Leites de todas as espécies de animais mamíferos#Látex natural#Macadâmias#Nozes#Ovos#Pecãs#Peixes#Pinoli#Pistaches#Soja#Trigo | ";4001124;"05/10/2026 01:12:00"
430356622;1;;"12 Meses";"PÓ";"ATIVA";"Primária - METALICA";"Primária - sachê";"GOMES SUPLEMENTOS ALIMENTARES LTDA - POÇOS DE CALDAS - BRASIL ; 32098703000190 | GSA ALIMENTOS LTDA - OURO PRETO - BRASIL ; 05297500000150";;"4 a 8 anos | 9 a 18 anos | Gestantes | Lactantes | Maior ou igual a 19 anos";"ORAL";"Psyllium (Plantago ovata), maltodextrina, acidulante ácido cítrico, aroma sintético idêntico ao natural de laranja, edulcorante sucralose, corante amarelo crepúsculo fcf e antiumectante dióxido de silício.";"Contém Glúten - Não | Contém Lactose - Não";"Não contém - Amendoim#Amêndoa#Aveia#Avelãs#Castanha-de-caju#Castanha-do-brasil ou castanha-do-pará#Castanhas#Centeio#Cevada#Crustáceos#Látex natural#Macadâmias#Nozes#Ovos#Pecãs#Peixes#Pinoli#Pistaches#Trigo | Pode conter - Leites de todas as espécies de animais mamíferos#Soja | ";4003199;"05/10/2026 01:12:00"
430356746;2;;"18 Meses";"PÓ";"ATIVA";"Primária - PLASTICA";"Primária - pote";"BNT FARMA LTDA - ITARARÉ - BRASIL ; 21027384000106";;"Maior ou igual a 19 anos";"ORAL";"inositol (Mio-inositol), taurina, óxido de magnésio, L-triptofano, melatonina, agente de massa maltodextrina, aroma idêntico ao natural de maracujá, acidulante ácido cítrico, educorante sucralose, antiumectante dióxido de silício e corante amarelo tartrazina.";"Contém Glúten - Não | Contém Lactose - Não";"Não contém - Amendoim#Amêndoa#Aveia#Avelãs#Castanha-de-caju#Castanha-do-brasil ou castanha-do-pará#Castanhas#Centeio#Cevada#Crustáceos#Leites de todas as espécies de animais mamíferos#Látex natural#Macadâmias#Nozes#Ovos#Pecãs#Peixes#Pinoli#Pistaches#Soja#Trigo | ";4003278;"05/10/2026 01:12:00"
430356753;1;;"12 Meses";"CÁPSULA DURA";"ATIVA";"Primária - PLASTICA";"Primária - frasco";"NATURAL GALENICA COSMETICOS LTDA - CURITIBA - BRASIL ; 79050282000191";;"Maior ou igual a 19 anos";"ORAL";"Antiumectante carbonato de cálcio (INS 170i), antiumectante dióxido de silício (INS 551), ácido fólico. Cápsula: gelatina, corante dióxido de titânio (INS 171). NÃO CONTÉM GLÚTEN.";"Contém Glúten - Não | Contém Lactose - Não";"Não contém - Amendoim#Amêndoa#Aveia#Avelãs#Castanha-de-caju#Castanha-do-brasil ou castanha-do-pará#Castanhas#Centeio#Cevada#Crustáceos#Leites de todas as espécies de animais mamíferos#Látex natural#Macadâmias#Nozes#Ovos#Pecãs#Peixes#Pinoli#Pistaches#Soja#Trigo | ";4003282;"05/10/2026 01:12:00"
