NO_PRODUTO;NU_REGISTRO_NOTIFICACAO_PRODUTO;NU_PROCESSO;NO_RAZAO_SOCIAL_EMPRESA;NU_CNPJ_EMPRESA;DS_SITUACAO_ASSUNTO_DOC;DT_VENCIMENTO_REGISTRO;CO_SEQ_PRODUTO;DT_REGULARIZACAO;CO_SEQ_APRESENTACAO_PRODUTO;CO_TIPO_REGULARIZACAO;CO_SITUACAO_ASSUNTO_DOC;DT_PUBLICACAO;DT_SITUACAO;DT_INICIO_ANALISE;NU_REGISTRO_PRODUTO;ST_PRODUTO_ATIVO;NU_REGISTRO;CO_FORMA_FISICA;MARCAS;SITUACAO_REGISTRO;TIPO_REGULARIZACAO;DS_CATEGORIA_PRODUTO;DS_ALEGACAO_FUNCIONAL;DT_CARGA_ETL
"Suplemento Alimentar em Comprimidos";"25351161029202655";"25351161029202655";"IDNLABS INDUSTRIA PHARMACEUTICAL & FOOD SUPPLEMENTS LDTA";"40208221000174";"Anuído";"122029";4001060;"08/09/2026 12:04:03";430353005;1;90;;"08/09/2026 12:04:03";;;"S";;1083;"IDNLABS ; Q+ Vitta ; Ferro Complex";"Ativo";"Notificado";"Suplementos alimentares";;"05/10/2026 00:00:00"
"SUPLEMENTO ALIMENTAR EM PÓ";"25351161061202631";"25351161061202631";"INTERMEDIO AGENCIA LTDa";"57357240000165";"Anuído";"122029";4001090;"08/09/2026 12:04:16";430353045;1;90;;"08/09/2026 12:04:16";;;"S";;1029;"HEALTH LABS ; UVITS ; COPYLAB ; GOOD LIFE ; SNG NUTRITION ; HERO NUTRITION ; ORDINARY ; UNIQUE ; GOOD VIT ; ACTIVE LIFE ; OVERNICE ; FOODSURE ; FIRST PRICE ; SUPERVITAN ; YOHA ; DNA SUPLEMENTOS";"Ativo";"Notificado";"Suplementos alimentares";"A cafeína auxilia no aumento do estado de alerta e na melhora da concentração";"05/10/2026 00:00:00"
"Suplemento Alimentar em Pó";"25351161099202611";"25351161099202611";"n7 suplementos esportivos ltda";"08323567000291";"Anuído";"122029";4001124;"08/09/2026 12:04:38";430353115;1;90;;"08/09/2026 12:04:38";;;"S";;1029;"Isotonic Pro";"Ativo";"Notificado";"Suplementos alimentares";;"05/10/2026 00:00:00"
"Vitamina B12 Suplemento Alimentar em cápsulas";"25351161126202648";"25351161126202648";"OLIVYFLORA INDUSTRIA E COMERCIO PRODUTOS NATURAIS LTDA";"04049717000189";"Anuído";"122029";4001149;"08/09/2026 12:04:55";430353165;1;90;;"08/09/2026 12:04:55";;;"S";;1080;"POLY FLORA ; SANTA TERRA ; MATA NATIVA ; AMAZON FLORA ; NATIVA PRODUTOS NATURAIS ; INOVAÇÃO COSMETICA ; GREENORA ; NUTRI CORP ; RENOVE LIFE ; HBN PRODUTOS NATURAIS ; DIVINO CHA ; DISTRIBUIDORA ERVAS NATIVAS ; DAILY NUTRITION ; DAILY LIFE NUTRITION ; CLINOAGE INDUSTRIA DE PRODUTOS NUTRACEUTICOS ; ATACADAO DOS KITS ; L&apos;ANA MED ; PRONUTRY ; GOLDEN PHARMA ; CAMPOS DA AMAZONIA ; 7 MAIS PRODUTOS NATURAIS ; PRODUFARMA ; LM DISTRIBUIDORA ; LABORATORIO LAHAS ; EMPORIO SAUDE NATURAL ; MIL ERVAS PRODUTOS NATURAIS ; FONTALLY PRODUTOS NATURAIS";"Ativo";"Notificado";"Suplementos alimentares";"A vitamina B12 auxilia na formação de células vermelhas do sangue ; A vitamina B12 auxilia na função normal do sistema nervoso ; A vitamina B12 auxilia no funcionamento do sistema imune";"05/10/2026 00:00:00"
"Colágeno Tipo II; Creatina; Ácido Ascórbico - Sabor Tangerina";"25351161294202633";"25351161294202633";"NUF FARMACEUTICA LTDA";"35064106000133";"Anuído";"122029";4001280;"08/09/2026 15:04:11";430353446;1;90;;"08/09/2026 15:04:11";;;"S";;1029;"ALOBELA ; 100 PESO ; VITTA HALURONIC ; VIVA BEAUTY ; VITA COSMÉTICOS ; VITAZI ; VITTANA ; VITABE ; RENOVABE ; PEDRALLI ; PURESKIN NUTRI COSMÉTICOS ; NUF FARMACÊUTICA ; NUTRI ESSENCE ; NHV ; NUTRESSA NUTRITION ; NAVITTA ; LE MORITZ ; METABOLICK REAL SCIENCE ; INOVA LABS ; GROW NUTRITION ; GRUPO HEKKOS ; ELEVEN PHARMA ; ELLEVITA ; COLLAGENE VIN ; COOPERA DIGITAL FÓRMULAS DA JUVENTUDE ; BRAIN JUICE ; BEAUTY VITA ; BEYOUR FUTURE SAUDE E BEM ESTAR";"Ativo";"Notificado";"Suplementos alimentares";;"05/10/2026 00:00:00"
"SUPLEMENTO ALIMENTAR EM PÓ";"25351161421202602";"25351161421202602";"OMEGA NUTRITION INDUSTRIA, COMERCIO E IMPORTACAO LTDA";"12939332000115";"Anuído";"122029";4001382;"08/09/2026 18:06:04";430353710;1;90;;"08/09/2026 18:06:04";;;"S";;1029;"DEMONS LAB ; NOT ; NEXLIFE ; NORDIK ; MATERIA PRIMA ; NATURES NOW ; PREÇO BAIXO ; NUTRI YEAH ; PRO LIFE ; ALL LABS NUTRITION ; BEST BODY ; MUSCLE FLEXX ; HARD CORE ; CN NUTRITION ; VELOX NUTRITION ; CODE AGE ; BLACK DIAMOND ; NUTRI CODE ; BLK PERFORMANCE ; BRUTHAL SPORTS ; NUTRI ACTION ; ADAPTOGEN SCIENCE ; ONE HEALTH ; EVOLUTION NUTRITION ; EFFECTIVE NUTRITION ; ANDROTECH LAB ; CS NUTRITION ; X NUTRY";"Ativo";"Notificado";"Suplementos alimentares";;"05/10/2026 00:00:00"
"Proteína isolada de Soja";"25351161448202697";"25351161448202697";"sports nutrition tec alimentos ltda";"00669755000183";"Anuído";"122029";4001405;"08/09/2026 18:06:25";430353755;1;90;;"08/09/2026 18:06:25";;;"S";;1029;"Sports Nutrition ; Nitech Nutrition ; Wedy Nutrition ; Nano farma ; Midway Labs ; Nutrition Labs ; Stay well";"Ativo";"Notificado";"Suplementos alimentares";;"05/10/2026 00:00:00"
"Proteína isolada de Soja";"25351161448202697";"25351161448202697";"sports nutrition tec alimentos ltda";"00669755000183";"Anuído";"122029";4001405;"08/09/2026 18:06:25";430353756;1;90;;"08/09/2026 18:06:25";;;"S";;1029;"Sports Nutrition ; Nitech Nutrition ; Wedy Nutrition ; Nano farma ; Midway Labs ; Nutrition Labs ; Stay well";"Ativo";"Notificado";"Suplementos alimentares";;"05/10/2026 00:00:00"
"SUPLEMENTO ALIMENTAR DE PSYLLIUM EM PÓ";"25351164177202621";"25351164177202621";"INTERMEDIO AGENCIA LTDa";"57357240000165";"Anuído";"122029";4003199;"11/09/2026 21:14:31";430356622;1;90;;"11/09/2026 21:14:31";;;"S";;1029;"MÁSSIME ; DNA SUPLEMENTOS ; MOD NUTRI ; UNIQUE ; ATN ; ION ; MOMENTOS ; NUTRIVITALLEY ; ADVANCE ; MAXME BIO ; OVERNICE ; MONVITTA ; BOTANIKA ; HUMAN DOCTORS ; YOHA ; GOOD VIT ; GOOD LIFE ; PREVENT PHARMA ; NUTRAVITTA ; FIRST PRICE ; FOODSURE ; ACTIVE LIFE ; COPYLAB ; UVITS ; HEALTH LABS";"Ativo";"Notificado";"Suplementos alimentares";"As fibras alimentares auxiliam no funcionamento do intestino ; O psyllium auxilia na redução do colesterol sanguíneo";"05/10/2026 00:00:00"
"SUPLEMENTO ALIMENTAR DE INOSITOL, TAURINA, MAGNÉSIO, MELATONINA E TRIPTOFANO EM PÓ";"25351164271202681";"25351164271202681";"BNT FARMA LTDA";"21027384000106";"Anuído";"122029";4003278;"12/09/2026 12:02:03";430356746;1;90;;"12/09/2026 12:02:03";;;"S";;1029;"BNT FARMA ; MAGNÉSIO INOSITOL SOLDIERS ; BENATTUS";"Ativo";"Notificado";"Suplementos alimentares";"O magnésio auxilia no funcionamento muscular ; O magnésio auxilia no funcionamento neuromuscular ; O magnésio auxilia no metabolismo de proteínas, carboidratos e gorduras";"05/10/2026 00:00:00"
"Suplemento alimentar de ácido fólico em cápsulas";"25351164283202613";"25351164283202613";"NATURAL GALENICA COSMETICOS LTDA";"79050282000191";"Anuído";"122029";4003282;"12/09/2026 15:03:43";430356753;1;90;;"12/09/2026 15:03:43";;;"S";;1080;"GECAPS LATAM ; BUENA ; GEVITALLY ; GEVITAN ; VITTAGE ; NATURALLY";"Ativo";"Notificado";"Suplementos alimentares";;"05/10/2026 00:00:00"
"SUPLEMENTO ALIMENTAR EM CÁPSULAS";"25351164746202639";"25351164746202639";"ECOFITUS INDUSTRIA E COMERCIO S.A.";"07108922000166";"Anuído";"122029";4003605;"14/09/2026 15:03:01";430357281;1;90;;"14/09/2026 15:03:01";;;"S";;1080;"ECOFITUS";"Ativo";"Notificado";"Suplementos alimentares";"A biotina auxilia na manutenção das mucosas ; A biotina auxilia no metabolismo de proteínas, carboidratos e gorduras ; A biotina auxilia no metabolismo energético ; A biotina contribui para a manutenção do cabelo e da pele ; A cafeína auxilia no aumento do estado de alerta e na melhora da concentração ; A niacina auxilia na manutenção de mucosas ; A niacina auxilia no metabolismo de proteínas, carboidratos e gorduras ; A niacina auxilia no metabolismo energético ; A niacina contribui para a manutenção da pele ; A vitamina B1 auxilia na função normal do sistema nervoso ; A vitamina B1 auxilia no metabolismo de proteínas, carboidratos e gorduras ; A vitamina B1 auxilia no metabolismo energético ; A vitamina B12 auxilia na formação de células vermelhas do sangue ; A vitamina B12 auxilia na função normal do sistema nervoso ; A vitamina B12 auxilia no funcionamento do sistema imune ; A vitamina B12 auxilia no metabolismo da homocisteína ; A vitamina B12 auxilia no metabolismo dos carboidratos, proteínas e gorduras ; A vitamina B12 auxilia no metabolismo energético ; A vitamina B12 auxilia no processo de divisão celular ; A vitamina B3 auxilia na manutenção de mucosas ; A vitamina B3 auxilia no metabolismo de proteínas, carboidratos e gorduras ; A vitamina B3 auxilia no metabolismo energético ; A vitamina B3 contribui para a manutenção da pele ; A vitamina B6 auxilia na formação das células vermelhas do sangue ; A vitamina B6 auxilia na função normal do sistema nervoso ; A vitamina B6 auxilia na síntese de cisteína ; A vitamina B6 auxilia no funcionamento do sistema imune ; A vitamina B6 auxilia no metabolismo de homocisteína ; A vitamina B6 auxilia no metabolismo de proteínas e do glicogênio ; A vitamina B6 auxilia no metabolismo de proteínas, carboidratos e gorduras ; A vitamina B6 auxilia no metabolismo energético ; O zinco auxilia na manutenção de ossos ; O zinco auxilia na síntese de proteínas ; O zinco auxilia na visão ; O zinco auxilia no funcionamento do sistema imune ; O zinco auxilia no metabolismo da vitamina A ; O zinco auxilia no metabolismo de proteínas, carboidratos e gorduras ; O zinco auxilia no processo de divisão celular ; O zinco contribui para a manutenção do cabelo, da pele e das unhas ; O zinco é um antioxidante que auxilia na proteção dos danos causados pelos radicais livres";"05/10/2026 00:00:00"
"SUPLEMENTO ALIMENTAR EM PÓ A BASE DE BETA-ALANINA, L-ARGININA, L-TIROSINA, TAURINA, CAFEÍNA E VITAMINAS D, B6 E B12";"25351160111202662";"25351160111202662";"J B MAGALHAES LTDA";"10471806000111";"Anuído";"122029";4000462;"04/09/2026 15:04:50";430351917;1;90;;"04/09/2026 15:04:50";;;"S";;1029;"BV NUTRITION ; NATIV LABS ; NUTRABOLIC ; NUTRU NUTRITION ; LIFELL ; MAX FOR ; JOTA&apos;B SUPLEMENTOS ; BIO VITTAS ; WOLF LABS ; KRAKEN";"Ativo";"Notificado";"Suplementos alimentares";"A cafeína auxilia no aumento da capacidade de resistência e no desempenho de exercícios físicos de resistência ; A cafeína auxilia no aumento do estado de alerta e na melhora da concentração ; A vitamina B12 auxilia na formação de células vermelhas do sangue ; A vitamina B12 auxilia na função normal do sistema nervoso ; A vitamina B12 auxilia no funcionamento do sistema imune ; A vitamina B12 auxilia no metabolismo da homocisteína ; A vitamina B12 auxilia no metabolismo dos carboidratos, proteínas e gorduras ; A vitamina B12 auxilia no metabolismo energético ; A vitamina B12 auxilia no processo de divisão celular ; A vitamina B6 auxilia na formação das células vermelhas do sangue ; A vitamina B6 auxilia na função normal do sistema nervoso ; A vitamina B6 auxilia na síntese de cisteína ; A vitamina B6 auxilia no funcionamento do sistema imune ; A vitamina B6 auxilia no metabolismo de homocisteína ; A vitamina B6 auxilia no metabolismo de proteínas e do glicogênio ; A vitamina B6 auxilia no metabolismo de proteínas, carboidratos e gorduras ; A vitamina B6 auxilia no metabolismo energético ; A vitamina D auxilia na absorção de cálcio e fósforo ; A vitamina D auxilia na formação de ossos e dentes ; A vitamina D auxilia na manutenção de níveis de cálcio no sangue";"05/10/2026 00:00:00"
"Extrato Aquoso de Própolis";"25351170029202646";"25351170029202646";"NATUS MINAS PRODUTOS NATURAIS E APÍCOLAS LTDA";"03367581000273";"Anuído";"122029";4007175;"22/09/2026 12:03:24";430364141;1;90;;"22/09/2026 12:03:24";;;"S";;1031;"Natu&apos;s Minas Produtos Naturais e Apícolas LTDA";"Ativo";"Notificado";"Suplementos alimentares";;"05/10/2026 00:00:00"
"TORRADA SIRIA";"502330003";"2500400585691";"PANIFICADORA E CONFEITARIA JABAL-SANIN LTDA";"56239619000108";"Publicado deferimento";"082003";67353;;121672;2;29;;;;"502330003";"N";"5023300030011";382;;"Inativo";"Registrado";"CATEGORIA NAO CADASTRADA";;"05/10/2026 00:00:00"
"BOMBOM DE CHOCOLATE BRANCO COM AMENDOIM";"421470032";"2500400086791";"FACHGA IND COM DE PRODS ALIMS LTDA";"48101000000104";"Publicado deferimento";"082002";50587;;104327;2;29;;;;"421470032";"N";"4214700320012";382;;"Inativo";"Registrado";"CATEGORIA NAO CADASTRADA";;"05/10/2026 00:00:00"
"PAO DE MEL C/FRUTAS CRISTALIZADAS";"485280012";"2500400553291";"PETER PAO LTDA - ME";"58284605000131";"Publicado deferimento";"122001";61074;;115145;2;29;;;;"485280012";"N";"4852800120017";382;;"Inativo";"Registrado";"CATEGORIA NAO CADASTRADA";;"05/10/2026 00:00:00"
"SALGADINHOS";"427610001";"2500400698091";"DOCEIRA MIGNON LTDA";"99999999011479";"Publicado deferimento";"072003";65567;;119823;2;29;;;;"427610001";"N";"4276100010016";382;;"Inativo";"Registrado";"CATEGORIA NAO CADASTRADA";;"05/10/2026 00:00:00"
"COMINHO MOIDO";"507990002";"2502400210491";"EDSON WERNER CIA LTDA - ME";"81373466000134";"Publicado deferimento";"122001";52875;;106659;2;29;;;;"507990002";"N";"5079900020011";382;;"Inativo";"Registrado";"CATEGORIA NAO CADASTRADA";;"05/10/2026 00:00:00"
"PIPOCA DOCE DE MILHO";"502910001";"2500400570090";"ALIY'S PRODS ALIMENTICIOS LTDA";"64073620000133";"Publicado deferimento";"092001";62439;;116530;2;29;;;;"502910001";"N";"5029100010012";382;;"Inativo";"Registrado";"CATEGORIA NAO CADASTRADA";;"05/10/2026 00:00:00"
"ROSCA FRITA SAB ARTIF DE COCO";"510470008";"2500400137191";"BOLOSAL IND E COM DE DOCES LTDA-ME";"58525379000133";"Publicado deferimento";"082003";65047;;119283;2;29;;;;"510470008";"N";"5104700080015";382;;"Inativo";"Registrado";"CATEGORIA NAO CADASTRADA";;"05/10/2026 00:00:00"
"FARINHA DE MANDIOCA ENRIQUECIDO COM SOJA";"460120113";"2500304065891";"NUTRIL NUTRIMENTOS INDUSTRIAIS LTDA";"21747282000165";"Publicado deferimento";"102001";55714;;109581;2;29;;;;"460120113";"N";"4601201130014";382;;"Inativo";"Registrado";"CATEGORIA NAO CADASTRADA";;"05/10/2026 00:00:00"
"SUPLEMENTO ALIMENTAR EM PÓ";"25351175915202666";"25351175915202666";"IDNLABS INDUSTRIA PHARMACEUTICAL & FOOD SUPPLEMENTS LDTA";"40208221000174";"Anuído";"122029";4011146;"30/09/2026 18:05:44";430371458;1;90;;"30/09/2026 18:05:44";;;"S";;1029;"IDNLABS ; Q10 + CREAFINEE ; Q10 + CREATINA ; NATUCARE ; CREAFINEE Q10 ; CREATINA Q10";"Ativo";"Notificado";"Suplementos alimentares";;"05/10/2026 00:00:00"
"SUPLEMENTO ALIMETAR - MELATONINA - COMRIMIDO";"25351166239202630";"25351166239202630";"VERDE FLORA PRODUTOS NATURAIS LTDA";"02200052000137";"Anuído";"122029";4004674;"15/09/2026 21:03:04";430359254;1;90;;"15/09/2026 21:03:04";;;"S";;1027;"FITLIFER ; Vita Sales ; Fortnutri ; Supra mais ; Entre Elas ; Health day ; ARDUN ; LUMINA NUTRI ; VITA PURCH ; NATURAL HAIR ; nu caps suplementos ; nu caps ; Lifell ; MAXFOR ; JOTA&apos;B SUPLEMENTOS ; FAVORITA ; DAIRU ; TREEOFLIFE NUTRITION ; SUPER SHAPE ; FORCE POWER ; NATUBLACK ; PRONOIA LABS ; FORTIUS ERA ; PHYSICAL LABS ; VYTRON SUPLY ; VITA ERA ; TURBO BLACK VITAMIN ; NUTRIONAL ; SUPRACON NUTRITION ; NUTRI WEALTH ; CAPSDAY ; ATHENAS PHARMA ; AG PHARMA ; MEGAFOR PLUS ; BEM CUIDAR ; PREVINUTRI ; VITAGOR ; LIVE VIDA LM ; SÃO JOÃO ; Supra nutri ; Nutrilife ; Itafort ; Health data ; vita Ton ; vita 1000 ; calciday ; Vita Soma ; viter sena ; Ultragold ; Bom vitam ; Supervit ; Nutrycerto ; Essencial Vit ; Acrius ; Bem vitam ; Suplemais ; Comple energy ; Focus Nutrition ; Auge Nutrition ; Fisiopharma ; Seven power ; NATUFORME ; MULTTT FARMA ; NEWFIT ; INDUSMED ; BLACK HORSE ; NATURAL PURCH";"Ativo";"Notificado";"Suplementos alimentares";"A vitamina B6 auxilia na formação das células vermelhas do sangue ; A vitamina B6 auxilia na função normal do sistema nervoso ; A vitamina B6 auxilia na síntese de cisteína ; A vitamina B6 auxilia no funcionamento do sistema imune ; A vitamina B6 auxilia no metabolismo de homocisteína ; A vitamina B6 auxilia no metabolismo de proteínas e do glicogênio ; A vitamina B6 auxilia no metabolismo de proteínas, carboidratos e gorduras ; A vitamina B6 auxilia no metabolismo energético ; O magnésio auxilia na formação de ossos e dentes ; O magnésio auxilia no equilíbrio dos eletrólitos ; O magnésio auxilia no funcionamento muscular ; O magnésio auxilia no funcionamento neuromuscular ; O magnésio auxilia no metabolismo de proteínas, carboidratos e gorduras ; O magnésio auxilia no metabolismo energético ; O magnésio auxilia no processo de divisão celular";"05/10/2026 00:00:00"
"REPOSITOR ENERGETICO EM GEL PARA ATLETAS RICO EM VITAMINAS "C" E "E"";"628720005";"25001103296200472";"SANIPLAN LABORATÓRIOS LTDA";"01107389000131";"Publicado deferimento";"042010";407963;"27/04/2005 00:00:00";514386;2;29;"27/04/2005 00:00:00";"27/04/2005 16:02:44";"11/04/2005 10:29:40";"628720005";"N";"6287200050142";603;;"Inativo";"Registrado";"ALIMENTOS PARA ATLETAS";;"05/10/2026 00:00:00"
"REPOSITOR ENERGETICO EM GEL PARA ATLETAS RICO EM VITAMINAS "C" E "E"";"628720005";"25001103296200472";"SANIPLAN LABORATÓRIOS LTDA";"01107389000131";"Publicado deferimento";"042010";407963;"27/04/2005 00:00:00";514389;2;29;"27/04/2005 00:00:00";"27/04/2005 16:02:44";"11/04/2005 10:29:40";"628720005";"N";"6287200050177";603;;"Inativo";"Registrado";"ALIMENTOS PARA ATLETAS";;"05/10/2026 00:00:00"
"PIRULITO SABOR ARTIF DE MORANGO COL ARTIFICIALMENTE";"466660003";"2500400186791";"PRODS ALIMS MARTINHA";"00000000091308";"Publicado deferimento";"012003";75146;;223853;2;29;;;;"466660003";"N";"4666600030013";382;;"Inativo";"Registrado";"CATEGORIA NAO CADASTRADA";;"05/10/2026 00:00:00"
"COENTRO";"467470018";"2500400749791";"PEDRO ERNESTO MARSON";"00000000092703";"Publicado deferimento";"082003";73905;;222425;2;29;;;;"467470018";"N";"4674700180018";382;;"Inativo";"Registrado";"CATEGORIA NAO CADASTRADA";;"05/10/2026 00:00:00"
"SAL DE SÓDIO DE 6’-SIALIL-LACTOSE (6’-SL) OBTIDO POR FERMENTAÇÃO MICROBIANA COM A LINHAGEM GENETICAMENTE MODIFICADA ESCHERICHIA COLI K-12 (DH1) MDO MAP265";;"25351129373202226";"DSM PRODUTOS NUTRICIONAIS BRASIL S.A.";"56992951000149";"Publicado deferimento";"062022";3036363;"27/06/2022 00:00:00";277680919;3;29;"27/06/2022 00:00:00";"27/06/2022 08:02:00";"31/05/2022 09:38:45";;"N";;603;;"Ativo";"Registrado";"NOVOS ALIMENTOS E NOVOS INGREDIENTES";;"05/10/2026 00:00:00"
"AGUA MINERAL NATURAL";"655320001";"25025027521200731";"LEDA SIMÕES LOPES COSTA – FI";"03522522000141";"Publicado deferimento";"082012";530006;"13/08/2007 00:00:00";735218;2;29;"13/08/2007 00:00:00";"13/08/2007 15:15:10";;"655320001";"N";"6553200010013";603;"PEDRAS DO SUL";"Inativo";"Registrado";"AGUA MINERAL NATURAL E ÁGUA NATURAL";;"05/10/2026 00:00:00"
"SUPLEMENTO A BASE DE CALCIO E VITAMINA 'D'";"619850014";"2500400073100";"PMG  PHARMED GROUP DO BRASIL LTDA";"03301976000192";"Publicado deferimento";"102006";75877;"22/10/2001 00:00:00";468569;2;29;"22/10/2001 00:00:00";"22/10/2001 00:00:01";;"619850014";"N";"6198500140022";603;"CALCIO 600 MG C/VIT.&quot;D&quot;PHARMED ; PMG PHARMED GROUP";"Inativo";"Registrado";"SUPLEMENTO VITAMINICO E OU MINERAL";;"05/10/2026 00:00:00"
"Cafeína Anidra 210 EMZ Laboratório Nutricional";"25351029235202591";"25351029235202591";"emz laboratorio nutricional ltda";"41486715000183";"Anuído";"122029";3785446;"26/02/2025 11:05:47";429804972;1;90;;"26/02/2025 11:05:47";;;"N";;355;"THERMO BLAST ; CAFEÍNA ANIDRA 420 – 30CAPS – ZEUZ ; CAFEÍNA ANIDRA 420 – 60CAPS – ZEUZ ; CAFEÍNA ANIDRA 210 – 60CAPS – NUTREX ; CAFEÍNA ANIDRA 210 – 30CAPS – NUTREX ; CAFEÍNA 420 – 60CAPS – NUTREX ; CAFEÍNA 420 – 30CAPS – NUTREX ; CAFEÍNA ANIDRA 210 – 60CAPS – ZEUZ ; CAFEÍNA ANIDRA 210 – 30CAPS – ZEUZ";"Inativo";"Notificado";"Suplementos alimentares";"A cafeína auxilia no aumento da capacidade de resistência e no desempenho de exercícios físicos de resistência ; A cafeína auxilia no aumento do estado de alerta e na melhora da concentração";"05/10/2026 00:00:00"
"FÓRMULA MODIFICADA PARA NUTRIÇÃO ENTERAL E ORAL";"659650203";"25351181056202563";"NESTLE BRASIL LTDA";"60409075000152";"Publicado deferimento";"03/2031";3868153;"30/03/2026 00:00:00";429937536;2;29;"30/03/2026 00:00:00";"30/03/2026 20:05:34";"14/10/2025 18:14:58";"659650203";"S";"6596502030010";1029;"NESTLÉ ; NOVASOURCE TGF ß2 ; NOVASOURCE DII ; NOVASOURCE IBD ; ISOSOURCE TGF ß2 ; ISOSOURCE DII ; ISOSOURCE IBD ; NUTREN TGF ß2 ; NUTREN DII ; NUTREN IBD ; NOVASOURCE ; ISOSOURCE ; NUTREN";"Ativo";"Registrado";"Fórmula modificada para nutrição enteral";;"05/10/2026 00:00:00"
"Suplemento alimentar de creatina em pastilhas gomosas";"25351115496202611";"25351115496202611";"NASCIMENTO E FILHO INDUSTRIA E COMERCIO DE DOCES LTDA";"04584854000113";"Anuído";"122029";3970060;"01/07/2026 09:03:12";430297485;1;90;;"01/07/2026 09:03:12";;;"S";;1077;"Caramel Pro ; LION HEAD NUTRITION ; EXX NUTRITION ; SAVANA.WORD ; JO ; CREMA DI WHEY ; CREAGENIX ; SYN SIMPLIFY YUOR NUTRITION ; ZENTRIX ; MAXEN ; Go Force ; Viv+ ; Flukkanutri ; LIGHT FOOD WAY ; BIOCARE ; XSEVEN SUPLEMENTOS ; BIO DROGAS ; Improve Nutrition ; FORMULA EXATA ; GUMMY’S ; CREACANDY ; Valk Nutrição Esportiva ; Tave Pharma ; RM Vita ; Nudra Pure ; Flow ; URUZ CO ; Capibrava ; JSZ ; Pharmavie ; Essentially ; Fernando Rodriguez Private Medicine ; Gleicy Pontes Beauty ; Farmácia do Otinho ; Reviva Nature ; Pilates Fit ; Silva Nutrition ; Moti Beauty ; Natifarma ; Prime Fórmulas ; Naturativa ; CREASOFT ; L’Ativa ; Formula Ativa ; Tres Suplementos ; Farmácia Elementar ; Espartanos ; Creatina monohidratada ; Caramelitos ; Caramelo de creatina";"Ativo";"Notificado";"Suplementos alimentares";;"05/10/2026 00:00:00"
"REP. ENERG. P/ ATLETAS SBRS FRUTAS CÍTRICAS/PÊSSEGO/
GRAPEFRUIT/MANGA/FRUTAS TROP. COL. ARTIF.";"486250002";"2500500017300";"REFRIGERANTES IMPERIAL LTDA.";"01542810000132";"Publicado deferimento";"062006";75395;"11/01/2002 00:00:00";224117;2;29;"11/01/2002 00:00:00";"11/01/2002 00:00:01";;"486250002";"N";"4862500020011";382;"TAMPICO";"Inativo";"Registrado";"ALIMENTOS PARA ATLETAS";;"05/10/2026 00:00:00"
"FÓRMULA INFANTIL DE SEGUIMENTO PARA CRIANÇAS DE PRIMEIRA INFÂNCIA";"659650205";"25351053143202611";"NESTLE BRASIL LTDA";"60409075000152";"Publicado deferimento";"052031";3932328;"11/05/2026 00:00:00";430184137;2;29;"11/05/2026 00:00:00";"11/05/2026 11:12:22";"04/05/2026 15:42:15";"659650205";"S";"6596502050011";1029;"NESTONUTRI ; NUTRI TODS ; NINHO UM ; NINHO 1 ; NUTRITODS ; NINHO 1+ ; NINHO FASES 1+ ; NINHO ; 1+ ; HAPPYNUTRI ; NESTLÉ";"Ativo";"Registrado";"Fórmula infantil de seguimento para lactentes e crianças de primeira infância 
";;"05/10/2026 00:00:00"
"Fórmula dietoterápica de carboidrato para glicogenose hepática";;"25351149386202564";"innovative medicines do brasil importação e exportação de produtos medico-hospitalares ltda";"12702943000145";"Publicado deferimento";"122030";3849257;"08/12/2025 00:00:00";429900850;2;29;"08/12/2025 00:00:00";"08/12/2025 08:16:14";"15/09/2025 15:48:57";;"X";"6806800010013";1029;"GLYCOSADE";"Ativo";"Registrado";"Fórmula dietoterápica para erros inatos do metabolismo";;"05/10/2026 00:00:00"
"LISINATO  DE  ÔMEGA&#8208;3";;"25351476240202165";"EVONIK BRASIL LTDA";"62695036000194";"Publicado deferimento";"102022";2673430;"04/10/2022 00:00:00";89064879;3;29;"04/10/2022 00:00:00";"05/10/2022 18:37:07";"21/09/2022 15:24:33";;"N";;603;;"Ativo";"Registrado";"NOVOS ALIMENTOS E NOVOS INGREDIENTES";;"05/10/2026 00:00:00"
