NU_PROCESSO;NO_PRODUTO;NU_CNPJ_EMPRESA;NO_RAZAO_SOCIAL_EMPRESA;DT_VENCIMENTO;ST_SITUACAO_PRODUTO;NU_REGISTRO;DS_TIPO_PETICAO;ST_REGISTRADO;DT_ATUALIZACAO
"250000479529921";" PROTETOR PRE RELAXAMENTO LEFIF AFRO LINE";"69066512000157";"SKILL-BROTHERS INDUSTRIA E COMERCIO LTDA EPP";"29/09/2005 00:00:00";"S";;"Notificado";0;"06/10/2026 00:00:00"
"250000479869943";"DEO COLONIA DESODORANTE ALMISCANTE 6";"01181423000118";"MS RIO IND⁄STRIA E COM…RCIO DE COSM…TICOS LTDA ME";"16/08/2006 00:00:00";"S";;"Notificado";0;"06/10/2026 00:00:00"
"250000480359937";"OLEO P/MASSAGEM CAPILAR COM RICINO LIFENATU`S";"32218521000106";"NOVA RADAR PRODS QUIMICOS E FARMACEUTICOS LTDA";"29/08/2005 00:00:00";"S";;"Notificado";0;"06/10/2026 00:00:00"
"250000480459991";"OLEO PARA MASSAGEM CAPILAR COM AMENDOA DOCE LIFENATU`S";"32218521000106";"NOVA RADAR PRODS QUIMICOS E FARMACEUTICOS LTDA";"06/09/2005 00:00:00";"S";;"Notificado";0;"06/10/2026 00:00:00"
"250000004209949";"LOCAO CAPILAR A SLIM";"48561369000108";"NATURELLE IND E COMERCIO DE PRODUTOS NATURAIS LTDA";"05/05/2029 00:00:00";"S";"206640353";"ISENTO DE REGISTRO";0;"06/10/2026 00:00:00"
"250000018199711";"CETAPHIL LOCAO HIDRATANTE";"00317372000146";"GALDERMA BRASIL LTDA";;"N";"222620013";"ISENTO DE REGISTRO";0;"06/10/2026 00:00:00"
"250000045779618";"OFF! AEROSSOL JOHNSON";"33122466000704";"CERAS JOHNSON";"24/09/2056 00:00:00";"S";"201920019";"REGISTRO";0;"06/10/2026 00:00:00"
"2500000984291";"OILATUM CREME";"63064653000154";"LABORAT”RIOS STIEFEL LTDA";;"N";"201900032";"ISENTO DE REGISTRO";0;"06/10/2026 00:00:00"
"250000180779906";"CREME DE LIMPEZA PARA AS MAOS HELP HAND";"01847902000120";"HENLAU QUIMICA LTDA ";"09/11/2005 00:00:00";"S";;"Notificado";0;"06/10/2026 00:00:00"
"250000360099920";"SHAMPOO CONDICIONADOR ERVAS & ESSENCIAS";"74516006000152";"concepcion cortez chacon tonin-me";"10/08/2006 00:00:00";"N";;"Notificado";0;"06/10/2026 00:00:00"
"25023000345200204";"ANNE MARIE ESPUMA DE BANHO COM EXTRATO DE YLANG YLANG";"01589024000190";"Anne MARIE EXPORTA«AO IND⁄STRIA E COM…RCIO DE COSM…TICOS LTDA - EPP";"09/01/2008 00:00:00";"S";;"Notificado";0;"06/10/2026 00:00:00"
"25351000105202657";"Polypeptide Enriched Media PEM / Reluma Pro";"60810830000106";"RELUMA THERAPEUTICS DO BRASIL LTDA";"01/01/2036 09:03:40";"S";;"Notificado";0;"06/10/2026 00:00:00"
"25351000978202660";"SHAMPOO CRONOGRAMA CRONO LISS HARMONIZA«√O CAPILAR CLUBLISSô BRASIL";"21566221000100";"+ BRIEFING AGENCIA DE PUBLICIDADE E REPRESENTACOES LTDA";"05/01/2036 12:02:25";"S";;"Notificado";0;"06/10/2026 00:00:00"
"25351001281202100";"Escova Dental Bambu Oralclear Kids Extra Macia";"32233075000109";"ORALCLEAR INDUSTRIA E COMERCIO DE PRODUTOS DE HIGIENE PESSOAL IMP. & EXP. LTDA";;"N";;"DESCARTAVEL";0;"06/10/2026 00:00:00"
"25351001285202180";"BTOX CAPILAR ñ ABSOLUT LISS";"04528339000116";"MORANDINI IND⁄STRIA E COM…RCIO DE COSM…TICOS LTDA ME";;"N";;"ISENTO DE REGISTRO";0;"06/10/2026 00:00:00"
"25351001790202639";"S6801 SARAHíS BEAUTY PALETA DE SOMBRA";"51575049000103";"r2 medical importaÁ„o, exportaÁ„o e distribuiÁ„o ltda";"06/01/2036 15:01:53";"S";;"Notificado";0;"06/10/2026 00:00:00"
"253510013720111";"CREME DE MASSAGEM CAPILAR DE OLEO DE UVA M&N COSMETICOS";"02310701000152";"MARCINICHEN FARMAC UTICA LTDA";"08/03/2006 00:00:00";"S";;"Notificado";0;"06/10/2026 00:00:00"
"253510018190153";"CREME PARA AS MAOS M&AMP;N COSMETICA";"02310701000152";"MARCINICHEN FARMAC UTICA LTDA";"22/06/2016 00:00:00";"S";;"Notificado";0;"06/10/2026 00:00:00"
"25351004669202588";"CONDICIONADOR HIDRATANTE "NEUTRO EQUILÕBRIO" OURIBEL-TAMANHO FAMÕLIA";"25055309000100";"MG-IND⁄STRIA E COM…RCIO DE COSM…TICOS LTDA-EPP";"05/01/2035 00:00:00";"S";;"ISENTO DE REGISTRO";0;"06/10/2026 00:00:00"
"25351006823202041";"Varigold";"29113443000170";"VITORIA FACE COMERCIO DE COSMETICOS LTDA";;"N";;"ISENTO DE REGISTRO";0;"06/10/2026 00:00:00"
"253510177080051";"NUTRITIVO OCEANIDE "O"";"44743805000109";"RENTCO DO BRASIL INDUSTRIA E COMERCIO LTDA EPP";"25/07/2016 00:00:00";"S";;"Notificado";0;"06/10/2026 00:00:00"
"25351037983201061";"REESTRUTURADOR MIX OIL CUPUA«U&#9679;TUTANO&#9679; KARIT  TOG ";"71462121000101";"EMDIMNAL-Empresa de DistribuiÁ„o Mercantil Nacional Ltda.";"21/01/2015 00:00:00";"S";;"Notificado";0;"06/10/2026 00:00:00"
"25351323520201108";"VICCOLOR WHITE WATER;TROPICAL;SHAMPOO;SQUASH;PEACH&KISS;BLUE WATER";"54033048000125";"AMMON CARB IND. COM. IMP. EXP. LTDA";"26/05/2016 00:00:00";"S";;"Notificado";0;"06/10/2026 00:00:00"
"25351544178200955";"SABONETE DE AROEIRA Åâ Åä - BIO SEIVA";"05591174000190";"BIO-SEIVA INDUSTRIA E COMERCIO DE COSMETICOS LTDA";"17/09/2014 00:00:00";"S";;"Notificado";0;"06/10/2026 00:00:00"
"25351665799200891";"&#61656;	MASK CONCEPTION CUPUA«U";"04866825000144";"GRAND NATUREZA IND⁄STRIA E COM…RCIO LTDA";"16/09/2013 00:00:00";"N";;"Notificado";0;"06/10/2026 00:00:00"
"250000062199811";"LOCAO CREMOSA HF65 PLUS COM PROTEINAS PARA OS CABELOS";"78592284000140";"PEPILON IND⁄STRIA DE COSM…TICOS LTDA";"08/04/2003 00:00:00";"S";"206290039";;1;"06/10/2026 00:00:00"
"25000005063911";"CREME R KOSMEIN";"00486423000163";"FARMACOT…CNICA INSTITUTO DE MANIPULA«’ES FARMAC UTICAS LTDA";;"S";"214250020";;1;"06/10/2026 00:00:00"
"250000000259470";"DESODORANTE  ANTIPERSPIRANTE EM CREME CONTOURE FRESH LINE CLASSIFRESH";"61082426000207";"COSMED INDUSTRIA DE COSMETICOS E MEDICAMENTOS S.A.";"07/12/1999 00:00:00";"N";"200030108";;1;"06/10/2026 00:00:00"
"250000004209949";"LOCAO CAPILAR A SLIM";"48561369000108";"NATURELLE IND E COMERCIO DE PRODUTOS NATURAIS LTDA";"05/05/2029 00:00:00";"N";"206640353";;1;"06/10/2026 00:00:00"
"250000018199711";"CETAPHIL LOCAO HIDRATANTE";"00317372000146";"GALDERMA BRASIL LTDA";"27/06/2027 00:00:00";"N";"222620013";;1;"06/10/2026 00:00:00"
"25351014236200325";"LO«AO MASSAGEADORA CANFORADA SKY WAY";"03491703000158";"BATON COMERCIAL E INDUSTRIAL DE COSM…TICOS LTDA - ME.";"23/04/2008 00:00:00";"N";"null";;1;"06/10/2026 00:00:00"
"25351348521201771";"NATURA FOTOEQUIL√çBRIO FPS 50 LO√á√ÉO PROTETORA CRIAN√áA";"00190373000172";"INDUSTRIA E COMERCIO DE COSMETICOS NATURA LTDA";"16/11/2027 00:00:00";"S";"205671529";;1;"06/10/2026 00:00:00"
"25351581340201270";"EST…E LAUDER RE-NUTRIV ULTIMATE LIFT AGE CORRECTING CREME&#8207;";"01175381000102";"ELCA COSM…TICOS LTDA";"25/02/2018 00:00:00";"S";"224680940";;1;"06/10/2026 00:00:00"
"25351852403202111";"OXIPRO AGUA OXIGENADA 30 VOLUMES VIE SANT…";"01181423000118";"MS RIO IND⁄STRIA E COM…RCIO DE COSM…TICOS LTDA ME";"13/01/2031 00:00:00";"S";;"ISENTO DE REGISTRO";0;"06/10/2026 00:00:00"
