NUM_EXPEDIENTE_PETICAO;NUM_PROCESSO_PETICAO;S_N_PETICAO_PRIMARIA;COD_ASSUNTO_PETICAO;DESC_ASSUNTO_PETICAO;DATA_SITUACAO_ATUAL_PETICAO;DESC_SITUACAO_ATUAL_PETICAO;DESC_TIPO_DOCUMENTO;DESC_AREA_INTERESSE;DESC_FILA_ANALISE;DESC_SUB_FILA_LISTA_ANALISE;DESC_GRUPO_ETAPA_CICLO_ANALISE;DATA_INI_OCORRENCIA_GRP_ETAPA;DATA_FIM_OCORRENCIA_GRP_ETAPA;ORDEM_OCORRE_GRUPO_ETAPA_ASC;ORDEM_OCORRE_GRUPO_ETAPA_DESC
0823936261;25351143499202637;S;4061;Registro de módulo para nutrição enteral;23/09/2026 00:00:00;Em análise;Processo;Alimento;Registro;ALIMENTOS PARA NUTRIÇÃO ENTERAL;Análise em Andamento;23/09/2026 00:00:00;;2;1
0823936261;25351143499202637;S;4061;Registro de módulo para nutrição enteral;23/09/2026 00:00:00;Em análise;Processo;Alimento;Registro;ALIMENTOS PARA NUTRIÇÃO ENTERAL;Fila de Análise;12/08/2026 18:03:00;23/09/2026 14:07:08;1;2
0823936261;25351143499202637;S;4061;Registro de módulo para nutrição enteral;23/09/2026 00:00:00;Em análise;Processo;Alimento;Registro;ALIMENTOS PARA NUTRIÇÃO ENTERAL;Todos;12/08/2026 00:00:00;;0;0
0900962267;25351791525201605;N;4094;Revalidação de registro de fórmulas infantis destinadas a necessidades dietoterápicas específicas;22/09/2026 00:00:00;Em exigência;Petição;Alimento;Renovação de Registro;FÓRMULAS INFANTIS;Análise em Andamento;16/09/2026 00:00:00;22/09/2026 00:00:00;2;2
0900962267;25351791525201605;N;4094;Revalidação de registro de fórmulas infantis destinadas a necessidades dietoterápicas específicas;22/09/2026 00:00:00;Em exigência;Petição;Alimento;Renovação de Registro;FÓRMULAS INFANTIS;Exigência;22/09/2026 00:00:00;;3;1
0900962267;25351791525201605;N;4094;Revalidação de registro de fórmulas infantis destinadas a necessidades dietoterápicas específicas;22/09/2026 00:00:00;Em exigência;Petição;Alimento;Renovação de Registro;FÓRMULAS INFANTIS;Fila de Análise;31/08/2026 18:04:31;16/09/2026 17:18:53;1;3
0900962267;25351791525201605;N;4094;Revalidação de registro de fórmulas infantis destinadas a necessidades dietoterápicas específicas;22/09/2026 00:00:00;Em exigência;Petição;Alimento;Renovação de Registro;FÓRMULAS INFANTIS;Todos;31/08/2026 00:00:00;;0;0
0751331210;25351609355201572;N;4096;Revalidação de registro de fórmulas modificadas para nutrição enteral;27/09/2022 00:00:00;Análise sobrestada interno;Petição;Alimento;Renovação de Registro;ALIMENTOS PARA NUTRIÇÃO ENTERAL;Análise de Cumprimento de Exigência;08/06/2021 08:36:38;08/06/2021 08:36:38;5;2
0279156260;2500402623800;N;4096;Revalidação de registro de fórmulas modificadas para nutrição enteral;07/08/2026 00:00:00;Em exigência;Petição;Alimento;Renovação de Registro;ALIMENTOS PARA NUTRIÇÃO ENTERAL;Análise de Cumprimento de Exigência;14/07/2026 00:00:00;06/08/2026 00:00:00;4;3
0751331210;25351609355201572;N;4096;Revalidação de registro de fórmulas modificadas para nutrição enteral;27/09/2022 00:00:00;Análise sobrestada interno;Petição;Alimento;Renovação de Registro;ALIMENTOS PARA NUTRIÇÃO ENTERAL;Análise em Andamento;15/04/2021 00:00:00;29/04/2021 00:00:00;2;5
0751331210;25351609355201572;N;4096;Revalidação de registro de fórmulas modificadas para nutrição enteral;27/09/2022 00:00:00;Análise sobrestada interno;Petição;Alimento;Renovação de Registro;ALIMENTOS PARA NUTRIÇÃO ENTERAL;Análise em Andamento;08/06/2021 00:00:00;08/06/2021 08:36:38;4;3
0279156260;2500402623800;N;4096;Revalidação de registro de fórmulas modificadas para nutrição enteral;07/08/2026 00:00:00;Em exigência;Petição;Alimento;Renovação de Registro;ALIMENTOS PARA NUTRIÇÃO ENTERAL;Análise em Andamento;06/04/2026 00:00:00;22/06/2026 00:00:00;2;5
0279156260;2500402623800;N;4096;Revalidação de registro de fórmulas modificadas para nutrição enteral;07/08/2026 00:00:00;Em exigência;Petição;Alimento;Renovação de Registro;ALIMENTOS PARA NUTRIÇÃO ENTERAL;Análise em Andamento;06/08/2026 00:00:00;07/08/2026 00:00:00;5;2
0751331210;25351609355201572;N;4096;Revalidação de registro de fórmulas modificadas para nutrição enteral;27/09/2022 00:00:00;Análise sobrestada interno;Petição;Alimento;Renovação de Registro;ALIMENTOS PARA NUTRIÇÃO ENTERAL;Exigência;29/04/2021 00:00:00;08/06/2021 00:00:00;3;4
0279156260;2500402623800;N;4096;Revalidação de registro de fórmulas modificadas para nutrição enteral;07/08/2026 00:00:00;Em exigência;Petição;Alimento;Renovação de Registro;ALIMENTOS PARA NUTRIÇÃO ENTERAL;Exigência;22/06/2026 00:00:00;14/07/2026 00:00:00;3;4
0279156260;2500402623800;N;4096;Revalidação de registro de fórmulas modificadas para nutrição enteral;07/08/2026 00:00:00;Em exigência;Petição;Alimento;Renovação de Registro;ALIMENTOS PARA NUTRIÇÃO ENTERAL;Exigência;07/08/2026 00:00:00;;6;1
0751331210;25351609355201572;N;4096;Revalidação de registro de fórmulas modificadas para nutrição enteral;27/09/2022 00:00:00;Análise sobrestada interno;Petição;Alimento;Renovação de Registro;ALIMENTOS PARA NUTRIÇÃO ENTERAL;Fila de Análise;25/02/2021 10:00:05;15/04/2021 00:00:00;1;6
0279156260;2500402623800;N;4096;Revalidação de registro de fórmulas modificadas para nutrição enteral;07/08/2026 00:00:00;Em exigência;Petição;Alimento;Renovação de Registro;ALIMENTOS PARA NUTRIÇÃO ENTERAL;Fila de Análise;23/03/2026 15:01:47;06/04/2026 00:00:00;1;6
0751331210;25351609355201572;N;4096;Revalidação de registro de fórmulas modificadas para nutrição enteral;27/09/2022 00:00:00;Análise sobrestada interno;Petição;Alimento;Renovação de Registro;ALIMENTOS PARA NUTRIÇÃO ENTERAL;Finalização;08/06/2021 08:36:38;08/06/2021 08:36:38;6;1
0751331210;25351609355201572;N;4096;Revalidação de registro de fórmulas modificadas para nutrição enteral;27/09/2022 00:00:00;Análise sobrestada interno;Petição;Alimento;Renovação de Registro;ALIMENTOS PARA NUTRIÇÃO ENTERAL;Todos;25/02/2021 00:00:00;;0;0
0279156260;2500402623800;N;4096;Revalidação de registro de fórmulas modificadas para nutrição enteral;07/08/2026 00:00:00;Em exigência;Petição;Alimento;Renovação de Registro;ALIMENTOS PARA NUTRIÇÃO ENTERAL;Todos;23/03/2026 00:00:00;;0;0
0767308263;25351134934202632;S;4110;Avaliação de inclusão de coadjuvantes de tecnologia, exceto enzimas;04/08/2026 00:00:00;Aguardando triagem e distribuição;Processo;Alimento;Avaliação;AVALIAÇÃO ADITIVOS  E COADJUVANTES DE TECNOLOGIA,EXCETO AROMATIZANTES DE ESPÉCIE BOTÂNICA E ENZIMAS;Fila de Análise;30/07/2026 18:07:54;;1;1
0767308263;25351134934202632;S;4110;Avaliação de inclusão de coadjuvantes de tecnologia, exceto enzimas;04/08/2026 00:00:00;Aguardando triagem e distribuição;Processo;Alimento;Avaliação;AVALIAÇÃO ADITIVOS  E COADJUVANTES DE TECNOLOGIA,EXCETO AROMATIZANTES DE ESPÉCIE BOTÂNICA E ENZIMAS;Todos;30/07/2026 00:00:00;;0;0
