#NUM_EXPEDIENTE_PETICAO;NUM_PROCESSO_PETICAO;S_N_PETICAO_PRIMARIA;COD_ASSUNTO_PETICAO;DESC_ASSUNTO_PETICAO;DATA_SITUACAO_ATUAL_PETICAO;DESC_SITUACAO_ATUAL_PETICAO;DATA_PRIMEIRA_FINALIZACAO;DATA_FINALIZACAO_ATUAL;DESC_TIPO_DOCUMENTO;DESC_AREA_INTERESSE;DESC_FILA_ANALISE;DESC_SUB_FILA_LISTA_ANALISE;DESC_GRUPO_ETAPA_CICLO_ANALISE;DATA_INI_OCORRENCIA_GRP_ETAPA;DATA_FIM_OCORRENCIA_GRP_ETAPA;ORDEM_OCORRE_GRUPO_ETAPA_ASC;ORDEM_OCORRE_GRUPO_ETAPA_DESC
0875314158;25351734343201491;N;457;Inclusão de Marca;03/21/2016 00:00:00;Publicado deferimento;03/21/2016 00:00:00;03/21/2016 00:00:00;Petição;Alimento;Pós-registro;PETIÇÕES DE MARCAS;Fila de Análise;09/29/2015 00:00:00;02/25/2016 00:00:00;1;3
0875314158;25351734343201491;N;457;Inclusão de Marca;03/21/2016 00:00:00;Publicado deferimento;03/21/2016 00:00:00;03/21/2016 00:00:00;Petição;Alimento;Pós-registro;PETIÇÕES DE MARCAS;Análise em Andamento;02/25/2016 00:00:00;03/15/2016 00:00:00;2;2
0875314158;25351734343201491;N;457;Inclusão de Marca;03/21/2016 00:00:00;Publicado deferimento;03/21/2016 00:00:00;03/21/2016 00:00:00;Petição;Alimento;Pós-registro;PETIÇÕES DE MARCAS;Finalização;03/15/2016 00:00:00;03/21/2016 00:00:00;3;1
773773074;25004222196200333;N;457;Inclusão de Marca;01/15/2008 00:00:00;Publicado deferimento;01/14/2008 00:00:00;01/14/2008 00:00:00;Petição;Alimento;Pós-registro;PETIÇÕES DE MARCAS;Fila de Análise;11/29/2007 00:00:00;12/13/2007 00:00:00;1;5
773773074;25004222196200333;N;457;Inclusão de Marca;01/15/2008 00:00:00;Publicado deferimento;01/14/2008 00:00:00;01/14/2008 00:00:00;Petição;Alimento;Pós-registro;PETIÇÕES DE MARCAS;Análise em Andamento;12/13/2007 00:00:00;12/21/2007 00:00:00;2;4
773773074;25004222196200333;N;457;Inclusão de Marca;01/15/2008 00:00:00;Publicado deferimento;01/14/2008 00:00:00;01/14/2008 00:00:00;Petição;Alimento;Pós-registro;PETIÇÕES DE MARCAS;Sobrestado Externo;12/21/2007 00:00:00;12/21/2007 00:00:00;3;3
773773074;25004222196200333;N;457;Inclusão de Marca;01/15/2008 00:00:00;Publicado deferimento;01/14/2008 00:00:00;01/14/2008 00:00:00;Petição;Alimento;Pós-registro;PETIÇÕES DE MARCAS;Análise em Andamento;12/21/2007 00:00:00;12/26/2007 00:00:00;4;2
773773074;25004222196200333;N;457;Inclusão de Marca;01/15/2008 00:00:00;Publicado deferimento;01/14/2008 00:00:00;01/14/2008 00:00:00;Petição;Alimento;Pós-registro;PETIÇÕES DE MARCAS;Finalização;12/26/2007 00:00:00;01/14/2008 00:00:00;5;1
000339045;2500400418398;N;457;Inclusão de Marca;07/15/2019 00:00:00;Publicado deferimento;03/18/2004 00:00:00;03/18/2004 00:00:00;Petição;Alimento;Pós-registro;PETIÇÕES DE MARCAS;Fila de Análise;01/02/2004 00:00:00;01/13/2004 00:00:00;1;3
000339045;2500400418398;N;457;Inclusão de Marca;07/15/2019 00:00:00;Publicado deferimento;03/18/2004 00:00:00;03/18/2004 00:00:00;Petição;Alimento;Pós-registro;PETIÇÕES DE MARCAS;Análise em Andamento;01/13/2004 00:00:00;03/09/2004 00:00:00;2;2
000339045;2500400418398;N;457;Inclusão de Marca;07/15/2019 00:00:00;Publicado deferimento;03/18/2004 00:00:00;03/18/2004 00:00:00;Petição;Alimento;Pós-registro;PETIÇÕES DE MARCAS;Finalização;03/09/2004 00:00:00;03/18/2004 00:00:00;3;1
524004112;25004120422200695;N;490;Retificação de publicação de registro - Empresa;01/25/2012 00:00:00;Petição encerrada;01/25/2012 16:37:27;01/25/2012 16:37:27;Petição;Alimento;Pós-registro;RETIFICAÇÃO;Fila de Análise;06/16/2011 00:00:00;01/25/2012 16:37:27;1;2
524004112;25004120422200695;N;490;Retificação de publicação de registro - Empresa;01/25/2012 00:00:00;Petição encerrada;01/25/2012 16:37:27;01/25/2012 16:37:27;Petição;Alimento;Pós-registro;RETIFICAÇÃO;Finalização;01/25/2012 00:00:00;01/25/2012 16:37:27;2;1
0172002153;25351527889200981;N;456;Alteração de Rotulagem;07/04/2016 00:00:00;Publicado deferimento;07/04/2016 00:00:00;07/04/2016 00:00:00;Petição;Alimento;Pós-registro;PETIÇÕES SIMPLIFICADAS;Fila de Análise;02/24/2015 00:00:00;06/02/2015 00:00:00;1;9
0172002153;25351527889200981;N;456;Alteração de Rotulagem;07/04/2016 00:00:00;Publicado deferimento;07/04/2016 00:00:00;07/04/2016 00:00:00;Petição;Alimento;Pós-registro;PETIÇÕES SIMPLIFICADAS;Análise em Andamento;06/02/2015 00:00:00;07/24/2015 00:00:00;2;8
0172002153;25351527889200981;N;456;Alteração de Rotulagem;07/04/2016 00:00:00;Publicado deferimento;07/04/2016 00:00:00;07/04/2016 00:00:00;Petição;Alimento;Pós-registro;PETIÇÕES SIMPLIFICADAS;Exigência;07/24/2015 00:00:00;08/28/2015 00:00:00;3;7
0172002153;25351527889200981;N;456;Alteração de Rotulagem;07/04/2016 00:00:00;Publicado deferimento;07/04/2016 00:00:00;07/04/2016 00:00:00;Petição;Alimento;Pós-registro;PETIÇÕES SIMPLIFICADAS;Análise de Cumprimento de Exigência;08/28/2015 00:00:00;01/27/2016 00:00:00;4;6
0172002153;25351527889200981;N;456;Alteração de Rotulagem;07/04/2016 00:00:00;Publicado deferimento;07/04/2016 00:00:00;07/04/2016 00:00:00;Petição;Alimento;Pós-registro;PETIÇÕES SIMPLIFICADAS;Análise em Andamento;01/27/2016 00:00:00;02/05/2016 00:00:00;5;5
0172002153;25351527889200981;N;456;Alteração de Rotulagem;07/04/2016 00:00:00;Publicado deferimento;07/04/2016 00:00:00;07/04/2016 00:00:00;Petição;Alimento;Pós-registro;PETIÇÕES SIMPLIFICADAS;Exigência;02/05/2016 00:00:00;05/20/2016 00:00:00;6;4
0172002153;25351527889200981;N;456;Alteração de Rotulagem;07/04/2016 00:00:00;Publicado deferimento;07/04/2016 00:00:00;07/04/2016 00:00:00;Petição;Alimento;Pós-registro;PETIÇÕES SIMPLIFICADAS;Análise de Cumprimento de Exigência;05/20/2016 00:00:00;06/24/2016 00:00:00;7;3
0172002153;25351527889200981;N;456;Alteração de Rotulagem;07/04/2016 00:00:00;Publicado deferimento;07/04/2016 00:00:00;07/04/2016 00:00:00;Petição;Alimento;Pós-registro;PETIÇÕES SIMPLIFICADAS;Análise em Andamento;06/24/2016 00:00:00;06/29/2016 00:00:00;8;2
0172002153;25351527889200981;N;456;Alteração de Rotulagem;07/04/2016 00:00:00;Publicado deferimento;07/04/2016 00:00:00;07/04/2016 00:00:00;Petição;Alimento;Pós-registro;PETIÇÕES SIMPLIFICADAS;Finalização;06/29/2016 00:00:00;07/04/2016 00:00:00;9;1
284145102;25351215804201046;S;458;Transferência de Titularidade;12/03/2010 00:00:00;Petição encerrada;12/03/2010 13:26:17;12/03/2010 13:26:17;Processo de Alimento;Alimento;Pós-registro;TRANSFERÊNCIA DE TITULARIDADE;Fila de Análise;04/05/2010 00:00:00;06/28/2010 12:11:40;1;2
284145102;25351215804201046;S;458;Transferência de Titularidade;12/03/2010 00:00:00;Petição encerrada;12/03/2010 13:26:17;12/03/2010 13:26:17;Processo de Alimento;Alimento;Pós-registro;TRANSFERÊNCIA DE TITULARIDADE;Finalização;06/28/2010 00:00:00;12/03/2010 13:26:17;2;1
0246269199;25351161137201907;S;4107;Avaliação de Segurança e Eficácia de Propriedades Funcional ou de Saúde de Probióticos;03/08/2021 00:00:00;Publicado indeferimento;03/08/2021 00:00:00;03/08/2021 00:00:00;Processo;Alimento;Avaliação;AVALIAÇÃO DE PROBIÓTICOS E ENZIMAS ;Fila de Análise;03/18/2019 00:00:00;09/18/2019 00:00:00;1;10
0246269199;25351161137201907;S;4107;Avaliação de Segurança e Eficácia de Propriedades Funcional ou de Saúde de Probióticos;03/08/2021 00:00:00;Publicado indeferimento;03/08/2021 00:00:00;03/08/2021 00:00:00;Processo;Alimento;Avaliação;AVALIAÇÃO DE PROBIÓTICOS E ENZIMAS ;Análise em Andamento;09/18/2019 00:00:00;10/21/2019 00:00:00;2;9
0246269199;25351161137201907;S;4107;Avaliação de Segurança e Eficácia de Propriedades Funcional ou de Saúde de Probióticos;03/08/2021 00:00:00;Publicado indeferimento;03/08/2021 00:00:00;03/08/2021 00:00:00;Processo;Alimento;Avaliação;AVALIAÇÃO DE PROBIÓTICOS E ENZIMAS ;Exigência;10/21/2019 00:00:00;10/05/2020 00:00:00;3;8
0246269199;25351161137201907;S;4107;Avaliação de Segurança e Eficácia de Propriedades Funcional ou de Saúde de Probióticos;03/08/2021 00:00:00;Publicado indeferimento;03/08/2021 00:00:00;03/08/2021 00:00:00;Processo;Alimento;Avaliação;AVALIAÇÃO DE PROBIÓTICOS E ENZIMAS ;Análise de Cumprimento de Exigência;10/05/2020 00:00:00;10/06/2020 00:00:00;4;7
0246269199;25351161137201907;S;4107;Avaliação de Segurança e Eficácia de Propriedades Funcional ou de Saúde de Probióticos;03/08/2021 00:00:00;Publicado indeferimento;03/08/2021 00:00:00;03/08/2021 00:00:00;Processo;Alimento;Avaliação;AVALIAÇÃO DE PROBIÓTICOS E ENZIMAS ;Análise em Andamento;10/06/2020 00:00:00;10/06/2020 00:00:00;5;6
0246269199;25351161137201907;S;4107;Avaliação de Segurança e Eficácia de Propriedades Funcional ou de Saúde de Probióticos;03/08/2021 00:00:00;Publicado indeferimento;03/08/2021 00:00:00;03/08/2021 00:00:00;Processo;Alimento;Avaliação;AVALIAÇÃO DE PROBIÓTICOS E ENZIMAS ;Análise de Cumprimento de Exigência;10/06/2020 00:00:00;10/06/2020 00:00:00;6;5
0246269199;25351161137201907;S;4107;Avaliação de Segurança e Eficácia de Propriedades Funcional ou de Saúde de Probióticos;03/08/2021 00:00:00;Publicado indeferimento;03/08/2021 00:00:00;03/08/2021 00:00:00;Processo;Alimento;Avaliação;AVALIAÇÃO DE PROBIÓTICOS E ENZIMAS ;Exigência;10/06/2020 00:00:00;03/01/2021 00:00:00;7;4
0246269199;25351161137201907;S;4107;Avaliação de Segurança e Eficácia de Propriedades Funcional ou de Saúde de Probióticos;03/08/2021 00:00:00;Publicado indeferimento;03/08/2021 00:00:00;03/08/2021 00:00:00;Processo;Alimento;Avaliação;AVALIAÇÃO DE PROBIÓTICOS E ENZIMAS ;Análise em Andamento;03/01/2021 00:00:00;03/01/2021 00:00:00;8;3
0246269199;25351161137201907;S;4107;Avaliação de Segurança e Eficácia de Propriedades Funcional ou de Saúde de Probióticos;03/08/2021 00:00:00;Publicado indeferimento;03/08/2021 00:00:00;03/08/2021 00:00:00;Processo;Alimento;Avaliação;AVALIAÇÃO DE PROBIÓTICOS E ENZIMAS ;Análise de Cumprimento de Exigência;03/01/2021 00:00:00;03/01/2021 00:00:00;9;2
0246269199;25351161137201907;S;4107;Avaliação de Segurança e Eficácia de Propriedades Funcional ou de Saúde de Probióticos;03/08/2021 00:00:00;Publicado indeferimento;03/08/2021 00:00:00;03/08/2021 00:00:00;Processo;Alimento;Avaliação;AVALIAÇÃO DE PROBIÓTICOS E ENZIMAS ;Finalização;03/01/2021 00:00:00;03/08/2021 00:00:00;10;1
373738111;25004160124200916;N;441;Cancelamento de Registro por Transferência;11/07/2011 00:00:00;Publicado deferimento;09/19/2011 00:00:00;11/19/2011 00:00:00;Petição;Alimento;Pós-registro;TRANSFERÊNCIA DE TITULARIDADE;Fila de Análise;05/03/2011 00:00:00;06/10/2011 11:37:20;1;3
373738111;25004160124200916;N;441;Cancelamento de Registro por Transferência;11/07/2011 00:00:00;Publicado deferimento;09/19/2011 00:00:00;11/19/2011 00:00:00;Petição;Alimento;Pós-registro;TRANSFERÊNCIA DE TITULARIDADE;Finalização;06/10/2011 00:00:00;09/19/2011 00:00:00;2;2
373738111;25004160124200916;N;441;Cancelamento de Registro por Transferência;11/07/2011 00:00:00;Publicado deferimento;09/19/2011 00:00:00;11/19/2011 00:00:00;Petição;Alimento;Pós-registro;TRANSFERÊNCIA DE TITULARIDADE;Outras Etapas;09/19/2011 00:00:00;11/19/2011 00:00:00;3;1
198255049;253510154545537;N;461;Alteração de Endereço da Empresa no Cadastro de Alimentos;07/15/2019 00:00:00;Não anuído;10/01/2004 00:00:00;10/01/2004 00:00:00;Petição;Alimento;Pós-registro;ALTERAÇÕES DE CADASTRO;Fila de Análise;07/09/2004 00:00:00;07/12/2004 00:00:00;1;3
198255049;253510154545537;N;461;Alteração de Endereço da Empresa no Cadastro de Alimentos;07/15/2019 00:00:00;Não anuído;10/01/2004 00:00:00;10/01/2004 00:00:00;Petição;Alimento;Pós-registro;ALTERAÇÕES DE CADASTRO;Análise em Andamento;07/12/2004 00:00:00;09/08/2004 00:00:00;2;2
198255049;253510154545537;N;461;Alteração de Endereço da Empresa no Cadastro de Alimentos;07/15/2019 00:00:00;Não anuído;10/01/2004 00:00:00;10/01/2004 00:00:00;Petição;Alimento;Pós-registro;ALTERAÇÕES DE CADASTRO;Finalização;09/08/2004 00:00:00;10/01/2004 00:00:00;3;1
0241486194;25351550425201377;N;456;Alteração de Rotulagem;10/21/2019 00:00:00;Publicado deferimento;10/21/2019 00:00:00;10/21/2019 00:00:00;Petição;Alimento;Pós-registro;PETIÇÕES SIMPLIFICADAS;Fila de Análise;03/15/2019 00:00:00;05/07/2019 00:00:00;1;7
0241486194;25351550425201377;N;456;Alteração de Rotulagem;10/21/2019 00:00:00;Publicado deferimento;10/21/2019 00:00:00;10/21/2019 00:00:00;Petição;Alimento;Pós-registro;PETIÇÕES SIMPLIFICADAS;Análise em Andamento;05/07/2019 00:00:00;05/15/2019 00:00:00;2;6
0241486194;25351550425201377;N;456;Alteração de Rotulagem;10/21/2019 00:00:00;Publicado deferimento;10/21/2019 00:00:00;10/21/2019 00:00:00;Petição;Alimento;Pós-registro;PETIÇÕES SIMPLIFICADAS;Exigência;05/15/2019 00:00:00;09/11/2019 00:00:00;3;5
0241486194;25351550425201377;N;456;Alteração de Rotulagem;10/21/2019 00:00:00;Publicado deferimento;10/21/2019 00:00:00;10/21/2019 00:00:00;Petição;Alimento;Pós-registro;PETIÇÕES SIMPLIFICADAS;Análise de Cumprimento de Exigência;09/11/2019 00:00:00;09/11/2019 00:00:00;4;4
0241486194;25351550425201377;N;456;Alteração de Rotulagem;10/21/2019 00:00:00;Publicado deferimento;10/21/2019 00:00:00;10/21/2019 00:00:00;Petição;Alimento;Pós-registro;PETIÇÕES SIMPLIFICADAS;Sobrestado Anvisa;09/11/2019 00:00:00;09/17/2019 00:00:00;5;3
0241486194;25351550425201377;N;456;Alteração de Rotulagem;10/21/2019 00:00:00;Publicado deferimento;10/21/2019 00:00:00;10/21/2019 00:00:00;Petição;Alimento;Pós-registro;PETIÇÕES SIMPLIFICADAS;Análise de Cumprimento de Exigência;09/17/2019 00:00:00;10/17/2019 00:00:00;6;2
0241486194;25351550425201377;N;456;Alteração de Rotulagem;10/21/2019 00:00:00;Publicado deferimento;10/21/2019 00:00:00;10/21/2019 00:00:00;Petição;Alimento;Pós-registro;PETIÇÕES SIMPLIFICADAS;Finalização;10/17/2019 00:00:00;10/21/2019 00:00:00;7;1
0752820249;25351481970201963;N;4092;Revalidação de registro de alimentos de transição para lactentes e crianças de primeira infância&#8203,;10/21/2024 00:00:00;Publicado deferimento;10/21/2024 00:00:00;08/19/2025 00:00:00;Petição;Alimento;Renovação de Registro;FÓRMULAS INFANTIS;Fila de Análise;06/05/2024 00:00:00;08/09/2024 00:00:00;1;4
0752820249;25351481970201963;N;4092;Revalidação de registro de alimentos de transição para lactentes e crianças de primeira infância&#8203,;10/21/2024 00:00:00;Publicado deferimento;10/21/2024 00:00:00;08/19/2025 00:00:00;Petição;Alimento;Renovação de Registro;FÓRMULAS INFANTIS;Análise em Andamento;08/09/2024 00:00:00;08/13/2024 00:00:00;2;3
0752820249;25351481970201963;N;4092;Revalidação de registro de alimentos de transição para lactentes e crianças de primeira infância&#8203,;10/21/2024 00:00:00;Publicado deferimento;10/21/2024 00:00:00;08/19/2025 00:00:00;Petição;Alimento;Renovação de Registro;FÓRMULAS INFANTIS;Finalização;08/13/2024 00:00:00;10/21/2024 00:00:00;3;2
0752820249;25351481970201963;N;4092;Revalidação de registro de alimentos de transição para lactentes e crianças de primeira infância&#8203,;10/21/2024 00:00:00;Publicado deferimento;10/21/2024 00:00:00;08/19/2025 00:00:00;Petição;Alimento;Renovação de Registro;FÓRMULAS INFANTIS;Outras Etapas;10/21/2024 00:00:00;08/19/2025 00:00:00;4;1
0822827255;25351103080202561;S;4059;Registro de fórmula modificada para nutrição enteral;02/18/2026 00:00:00;Publicado deferimento;12/29/2025 00:00:00;02/18/2026 00:00:00;Processo;Alimento;Registro;ALIMENTOS PARA NUTRIÇÃO ENTERAL;Fila de Análise;06/23/2025 00:00:00;07/02/2025 00:00:00;1;6
0822827255;25351103080202561;S;4059;Registro de fórmula modificada para nutrição enteral;02/18/2026 00:00:00;Publicado deferimento;12/29/2025 00:00:00;02/18/2026 00:00:00;Processo;Alimento;Registro;ALIMENTOS PARA NUTRIÇÃO ENTERAL;Análise em Andamento;07/02/2025 00:00:00;08/13/2025 00:00:00;2;5
0822827255;25351103080202561;S;4059;Registro de fórmula modificada para nutrição enteral;02/18/2026 00:00:00;Publicado deferimento;12/29/2025 00:00:00;02/18/2026 00:00:00;Processo;Alimento;Registro;ALIMENTOS PARA NUTRIÇÃO ENTERAL;Exigência;08/13/2025 00:00:00;11/28/2025 00:00:00;3;4
0822827255;25351103080202561;S;4059;Registro de fórmula modificada para nutrição enteral;02/18/2026 00:00:00;Publicado deferimento;12/29/2025 00:00:00;02/18/2026 00:00:00;Processo;Alimento;Registro;ALIMENTOS PARA NUTRIÇÃO ENTERAL;Análise de Cumprimento de Exigência;11/28/2025 00:00:00;12/18/2025 00:00:00;4;3
0822827255;25351103080202561;S;4059;Registro de fórmula modificada para nutrição enteral;02/18/2026 00:00:00;Publicado deferimento;12/29/2025 00:00:00;02/18/2026 00:00:00;Processo;Alimento;Registro;ALIMENTOS PARA NUTRIÇÃO ENTERAL;Finalização;12/18/2025 00:00:00;12/29/2025 00:00:00;5;2
0822827255;25351103080202561;S;4059;Registro de fórmula modificada para nutrição enteral;02/18/2026 00:00:00;Publicado deferimento;12/29/2025 00:00:00;02/18/2026 00:00:00;Processo;Alimento;Registro;ALIMENTOS PARA NUTRIÇÃO ENTERAL;Recurso;12/29/2025 00:00:00;02/18/2026 00:00:00;6;1
0999878255;25351134036202501;S;4111;Avaliação de extensão de uso de coadjuvantes de tecnologia, exceto enzimas;06/11/2026 00:00:00;Em exigência;03/23/2026 00:00:00;03/23/2026 00:00:00;Processo;Alimento;Avaliação;AVALIAÇÃO ADITIVOS  E COADJUVANTES DE TECNOLOGIA,EXCETO AROMATIZANTES DE ESPÉCIE BOTÂNICA E ENZIMAS;Fila de Análise;08/01/2025 00:00:00;03/03/2026 00:00:00;1;3
0999878255;25351134036202501;S;4111;Avaliação de extensão de uso de coadjuvantes de tecnologia, exceto enzimas;06/11/2026 00:00:00;Em exigência;03/23/2026 00:00:00;03/23/2026 00:00:00;Processo;Alimento;Avaliação;AVALIAÇÃO ADITIVOS  E COADJUVANTES DE TECNOLOGIA,EXCETO AROMATIZANTES DE ESPÉCIE BOTÂNICA E ENZIMAS;Análise em Andamento;03/03/2026 00:00:00;03/18/2026 00:00:00;2;2
0999878255;25351134036202501;S;4111;Avaliação de extensão de uso de coadjuvantes de tecnologia, exceto enzimas;06/11/2026 00:00:00;Em exigência;03/23/2026 00:00:00;03/23/2026 00:00:00;Processo;Alimento;Avaliação;AVALIAÇÃO ADITIVOS  E COADJUVANTES DE TECNOLOGIA,EXCETO AROMATIZANTES DE ESPÉCIE BOTÂNICA E ENZIMAS;Finalização;03/18/2026 00:00:00;03/23/2026 00:00:00;3;1
217623038;25024005116970;N;457;Inclusão de Marca;07/15/2019 00:00:00;Publicado deferimento;06/09/2004 00:00:00;06/09/2004 00:00:00;Petição;Alimento;Pós-registro;PETIÇÕES DE MARCAS;Fila de Análise;10/24/2003 00:00:00;05/25/2004 09:29:10;1;2
217623038;25024005116970;N;457;Inclusão de Marca;07/15/2019 00:00:00;Publicado deferimento;06/09/2004 00:00:00;06/09/2004 00:00:00;Petição;Alimento;Pós-registro;PETIÇÕES DE MARCAS;Finalização;05/25/2004 00:00:00;06/09/2004 00:00:00;2;1
45022061;25004002751200412;N;449;Alteração de Unidade Fabril;06/12/2007 00:00:00;Petição encerrada;06/12/2007 00:00:00;06/12/2007 00:00:00;Petição;Alimento;Pós-registro;PETIÇÕES SIMPLIFICADAS;Fila de Análise;08/29/2006 00:00:00;04/19/2007 14:55:59;1;3
45022061;25004002751200412;N;449;Alteração de Unidade Fabril;06/12/2007 00:00:00;Petição encerrada;06/12/2007 00:00:00;06/12/2007 00:00:00;Petição;Alimento;Pós-registro;PETIÇÕES SIMPLIFICADAS;Análise em Andamento;04/19/2007 00:00:00;06/12/2007 00:00:00;2;2
45022061;25004002751200412;N;449;Alteração de Unidade Fabril;06/12/2007 00:00:00;Petição encerrada;06/12/2007 00:00:00;06/12/2007 00:00:00;Petição;Alimento;Pós-registro;PETIÇÕES SIMPLIFICADAS;Finalização;06/12/2007 00:00:00;06/12/2007 00:00:00;3;1
0142984181;25755100132201876;S;4109;Avaliação de Segurança e Eficácia de Propriedades Funcional ou de Saúde de Novos Alimentos e Novos Ingredientes, exceto probióticos e enzimas;03/06/2018 00:00:00;Anuído;03/06/2018 15:36:13;03/06/2018 15:36:13;Processo de Importação;Alimento;Avaliação;AVALIAÇÃO DE NOVOS ALIMENTOS E NOVOS INGREDIENTES, EXCETO PROBIÓTICOS E ENZIMAS;Fila de Análise;02/23/2018 00:00:00;03/06/2018 14:26:26;1;2
0142984181;25755100132201876;S;4109;Avaliação de Segurança e Eficácia de Propriedades Funcional ou de Saúde de Novos Alimentos e Novos Ingredientes, exceto probióticos e enzimas;03/06/2018 00:00:00;Anuído;03/06/2018 15:36:13;03/06/2018 15:36:13;Processo de Importação;Alimento;Avaliação;AVALIAÇÃO DE NOVOS ALIMENTOS E NOVOS INGREDIENTES, EXCETO PROBIÓTICOS E ENZIMAS;Finalização;03/06/2018 00:00:00;03/06/2018 15:36:13;2;1
0287996263;25351053143202611;S;4069;Registro de fórmula infantil para lactentes, fórmula infantil de seguimento para lactentes e crianças de primeira Infância;05/11/2026 00:00:00;Publicado deferimento;05/11/2026 00:00:00;05/11/2026 00:00:00;Processo;Alimento;Registro;FÓRMULAS INFANTIS;Fila de Análise;03/25/2026 00:00:00;04/06/2026 00:00:00;1;3
0287996263;25351053143202611;S;4069;Registro de fórmula infantil para lactentes, fórmula infantil de seguimento para lactentes e crianças de primeira Infância;05/11/2026 00:00:00;Publicado deferimento;05/11/2026 00:00:00;05/11/2026 00:00:00;Processo;Alimento;Registro;FÓRMULAS INFANTIS;Análise em Andamento;04/06/2026 00:00:00;05/06/2026 00:00:00;2;2
0287996263;25351053143202611;S;4069;Registro de fórmula infantil para lactentes, fórmula infantil de seguimento para lactentes e crianças de primeira Infância;05/11/2026 00:00:00;Publicado deferimento;05/11/2026 00:00:00;05/11/2026 00:00:00;Processo;Alimento;Registro;FÓRMULAS INFANTIS;Finalização;05/06/2026 00:00:00;05/11/2026 00:00:00;3;1
