CO_SEQ_DOSSIE_INVESTIG_MED;NU_PROCESSO;NU_CNPJ;NO_RAZAO_SOCIAL;CO_TIPO_PRODUTO;DS_TIPO_PRODUTO;CO_RISCO;DS_RISCO_PRODUTO;TOTAL_MEDIDA_CAUTELAR;NO_EMPRESA_INVESTIGADA;NU_CNPJ_EMPRESA_INVESTIGADA;CO_ASSUNTO;DT_PUBLICACAO_MEDIDA;CO_ACAO_FISCALIZACAO;CO_ATIVIDADE_FISCALIZACAO;DT_PUBLICACAO;PRODUTOS_CONCATENADOS;DS_ACAO_FISCALIZACAO;DS_ATIVIDADE_FISCALIZACAO;ACAO_ATIVIDADE;PRODUTO;REGISTRO;DT_CARGA_ETL
14983;"25351411963201902";"01505942000194";"QUIMEX INDUSTRIA E COMERCIO DE PRODUTOS DE LIMPEZA LTDA ME";3;"Saneantes";20;"Risco II";1;;;"70465";"07/29/2019 00:00:00";4;;"07/29/2019 00:00:00";"ÁGUA SANITÁRIA CLASSLIMP - Registrado:328050003. ";"Interdição cautelar";;"Interdição cautelar:  ";"ÁGUA SANITÁRIA CLASSLIMP";"328050003";"10/05/2026 00:00:02"
19721;"25351683267202021";"04645160000149";"MOBIUS LIFE SCIENCE INDUSTRIA E COMERCIO DE PRODUTOS PARA LABORATORIOS LTDA";12;"Dispositivos Médicos para Diagnóstico in Vitro";19;"Risco I";1;;;"70453";"07/24/2020 00:00:00";1;3;"07/24/2020 00:00:00";" Kit Mix para Detecção de RNA de Enterovirus spp.  (EV) - Registrado:80502070022.  X-GEN CONTROLE POSITIVO TOXO – CONTROLE POSITIVO na Detecção de DNA de Toxoplasma Gondii (TOXO) – XG-TOXOC-B - Registrado:80502070008.  X-GEN MIX TOXO – Kit Mix para Detecção de DNA de Toxoplasma Gondii  (TOXO) – XG-TOXOS-B - Registrado:80502070007. FAMÍLIA KIT XGEN MASTER COVID-19 – Kit Master para Detecção do Coronavírus SARS-CoV-2 - Registrado:80502070088. FAMÍLIA KIT XGEN MULTI IST – Kits MULTIPLEX para Detecção de Patógenos Responsáveis por Infecções Sexualmente Transmissíveis (IST) - Registrado:80502070085. FAMÍLIA KIT XGEN MULTI PR FLOW CHIP – Família de Kits MULTIPLEX para Detecção de Patógenos Respiratórios através de PCR e Hibridização Reversa. - Registrado:80502070089. FAMÍLIA KIT XGEN PAINEL MICROBIOLOGIA MOLECULAR - Registrado:80502070052. HYBRISOFT HSHS - Registrado:80502079001. KIT XGEN CHIKUNGUNYA IgG – Kit de Sorologia para Detecção de Anticorpos IgG para o Vírus Chikungunya. - Registrado:80502070053. KIT XGEN CHIKUNGUNYA IgM – Kit de Sorologia para Detecção de Anticorpos IgM para o Vírus Chikungunya - Registrado:80502070054. KIT XGEN MASTER HSV1 – Kit MASTER para Detecção de Herpesvirus simplex 1 (HSV1) - Registrado:80502070035. KIT XGEN MASTER HSV2 – Kit MASTER para Detecção de Herpesvirus simplex 2 (HSV2). - Registrado:80502070040. KIT XGEN MASTER ZV – Kit MASTER para Detecção do Vírus Zika  - Registrado:80502070033. KIT XGEN MULTI DC Kit MULTIPLEX para Detecção de RNA do Vírus da Dengue e do Vírus Chikungunya - Registrado:80502070030. KIT XGEN MULTI FLU – Kit MULTIPLEX para Detecção de Influenza - Registrado:80502070039. KIT XGEN MULTI GB – Kit MULTIPLEX para Detecção de Bactérias Causadoras de Gastroenterite - Registrado:80502070042. KIT XGEN MULTI HPV CHIP – Família de Kits MULTIPLEX para Detecção e Genotipagem do Papilomavírus Humano (HPV) através de PCR e Hibridização Reversa - Registrado:80502070051. KIT XGEN MULTI IST CHIP – Família de Kits MULTIPLEX para Detecção de Patógenos Responsáveis por Infecções Sexualmente Transmissíveis (IST)  - Registrado:80502070086. KIT XGEN MULTI MB – Kit MULTIPLEX para Detecção de Bactérias Causadoras de Meningite - Registrado:80502070038. KIT XGEN MULTI MV – Kit MULTIPLEX para Detecção de Vírus Causadores de Meningite - Registrado:80502070037. KIT XGEN MULTI N9 – Kit MULTIPLEX para Detecção de Vírus Causadores de Encefalite - Registrado:80502070036. KIT XGEN MULTI PR21  Kit MULTIPLEX para Detecção de 21 Patogenos respiratórios - Registrado:80502070034. KIT XGEN MULTI UB – Kit MULTIPLEX Básico para Detecção de Patógenos Causadores de Uretrite - Registrado:80502070041. KIT XGEN MULTI UP – Kit MULTIPLEX Plus para Detecção de Patógenos Causadores de Uretrite - Registrado:80502070044. KIT XGEN MULTI ZDC – Kit MULTIPLEX para Detecção dos Vírus Zika, Dengue e Chikungunya- XG-MULTI-ZDC - Registrado:80502070063. KIT XGEN ZIKA VÍRUS IgG – Kit de Sorologia para Detecção de Anticorpos IgG para Zika Vírus - Registrado:80502070048. KIT XGEN ZIKA VÍRUS IgM – Kit de Sorologia para Detecção de Anticorpos IgM para Zika Vírus - Registrado:80502070049. Kit Controle Positivo na Detecção de RNA de Enterovirus spp.  (EV) - Registrado:80502070024. Kit Master para Detecção de RNA de Enterovirus spp.  (EV) - Registrado:80502070023. X-GEN CONTROLE POSITIVO CTDNA – Kit CONTROLE POSITIVO para Detecção de DNA de Chlamydia trachomatis - Registrado:80502070005. X-GEN MASTER CTDNA – Kit MASTER para Detecção de DNA de Chlamydia trachomatis - Registrado:80502070004. X-GEN MIX BKV - Kit Mix para Quantificação de Vírus BK (BKV) – XGENBKVS-B - Registrado:80502070020. X-GEN MIX CMV – Kit Mix para Quantificação de Citomegalovírus (CMV) – XGEN-CMVS-B - Registrado:80502070014. X-GEN MIX CTDA – Kit MIX para Detecção de DNA de Chlamydia trachomatis - Registrado:80502070006. X-GEN MIX EBV – Kit Mix para Quantificação de Vírus Epstein-Barr (EBV) – XGEN-EBVS-B - Registrado:80502070018. X-GEN PADRÃO BKV – Padrão para Quantificação de";"Suspensão";"Distribuição";"Suspensão:  Comercialização. Distribuição. ";"X-GEN MASTER CTDNA – Kit MASTER para Detecção de DNA de Chlamydia trachomatis";"80502070004";"10/05/2026 00:00:02"
53236;"25351198703202576";"02200052000137";"verde flora produtos naturais ltda-me";6;"Alimento";19;"Risco I";1;"VERDEFLORA PRODUTOS NATURAIS LTDA (NATUFORME PRODUTOS NATURAIS)";"02200052000137";"70477";"10/31/2025 00:00:00";2;3;"10/31/2025 00:00:00";"TODOS OS ALIMENTOS, INCLUINDO SUPLEMENTOS . ";"Proibição";"Distribuição";"Proibição:  Comercialização. Distribuição. Uso. ";"TODOS OS ALIMENTOS, INCLUINDO SUPLEMENTOS ";;"10/05/2026 00:00:02"
18543;"25351387953202074";"15670288000189";"GILEAD SCIENCES FARMACEUTICA DO BRASIL LTDA";1;"Medicamento";19;"Risco I";2;"Marazis Assessoria em Importação, Exportação e Serviços de Intermediação Ltda (Medic Pharma)";"23624268000108";"70285";"06/12/2020 00:00:00";2;4;"06/12/2020 00:00:00";"HARVONI. HARVONI . ";"Proibição";"Importação";"Apreensão: Inutilização: Proibição:  Comercialização. Distribuição. Importação. Uso. ";"HARVONI";;"10/05/2026 00:00:02"
26804;"25351498903202101";"03112386000111";"Cadastro 1 - AGENCIA NACIONAL DE VIGILANCIA SANITARIA - ANVISA";6;"Alimento";19;"Risco I";1;"DESCONHECIDA";"DESCONHECIDO";"70476";"08/30/2021 00:00:00";2;3;"08/30/2021 00:00:00";"FILÉ DE TILÁPIA IQF. ";"Proibição";"Distribuição";"Apreensão: Proibição:  Comercialização. Distribuição. Uso. ";"FILÉ DE TILÁPIA IQF";;"10/05/2026 00:00:02"
22482;"25351515006202080";"03112386000111";"Cadastro 1 - AGENCIA NACIONAL DE VIGILANCIA SANITARIA - ANVISA";6;"Alimento";19;"Risco I";1;"BIOMERCADO BRASIL COMÉRCIO E SERVIÇOS Ltda.";"04529881000193";"70477";"02/05/2021 00:00:00";2;6;"02/05/2021 00:00:00";"GENGIBRE VÉDICO EM PÓ&quot; - MARCA SOULY. ";"Proibição";"Propaganda";"Proibição: Recolhimento:  Comercialização. Distribuição. Propaganda. ";"GENGIBRE VÉDICO EM PÓ" - MARCA SOULY";;"10/05/2026 00:00:02"
33727;"25351005387202255";"03112386000111";"Cadastro 1 - AGENCIA NACIONAL DE VIGILANCIA SANITARIA - ANVISA";6;"Alimento";19;"Risco I";2;"Casa Branca Indústria e Comércio de Conservas, Importação e Exportação Ltda";"17932177000129";"70474";"08/25/2022 00:00:00";1;7;"08/25/2022 00:00:00";"PALMITO DE PUPUNHA EM CONSERVA. ";"Suspensão";"Uso";"Recolhimento: Suspensão:  Comercialização. Distribuição. Uso. ";"PALMITO DE PUPUNHA EM CONSERVA";;"10/05/2026 00:00:02"
33727;"25351005387202255";"03112386000111";"Cadastro 1 - AGENCIA NACIONAL DE VIGILANCIA SANITARIA - ANVISA";6;"Alimento";19;"Risco I";2;"Casa Branca Indústria e Comércio de Conservas, Importação e Exportação Ltda";"17932177000129";"70474";"08/25/2022 00:00:00";3;;"08/25/2022 00:00:00";"PALMITO DE PUPUNHA EM CONSERVA. ";"Recolhimento";;"Recolhimento: Suspensão:  Comercialização. Distribuição. Uso. ";"PALMITO DE PUPUNHA EM CONSERVA";;"10/05/2026 00:00:02"
44903;"25351665286202319";"03361252000134";"MERCADOLIVRE.COM ATIVIDADES DE INTERNET LTDA";8;"Dispositivos Médicos";19;"Risco I";1;"EBAZAR.COM.BR. LTDA&#8203; (MERCADO LIVRE)";"03007331000141";"70447";"01/29/2024 00:00:00";2;4;"01/29/2024 00:00:00";"TENSIÔMETRO OMRON HEM-7600T. ";"Proibição";"Importação";"Apreensão: Proibição:  Comercialização. Distribuição. Fabricação. Importação. Propaganda. Uso. ";"TENSIÔMETRO OMRON HEM-7600T";;"10/05/2026 00:00:02"
12981;"25351415581201869";"43426626000177";"ALLERGAN PRODUTOS FARMACÊUTICOS LTDA";8;"Dispositivos Médicos";19;"Risco I";1;"desconhecida";"desconhecido";"70449";"04/18/2019 00:00:00";6;;"04/18/2019 00:00:00";"JUVEDERM ULTRA 4. ";"Inutilização";;"Apreensão: Inutilização:  ";"JUVEDERM ULTRA 4";;"10/05/2026 00:00:02"
26804;"25351498903202101";"03112386000111";"Cadastro 1 - AGENCIA NACIONAL DE VIGILANCIA SANITARIA - ANVISA";6;"Alimento";19;"Risco I";1;"DESCONHECIDA";"DESCONHECIDO";"70476";"08/30/2021 00:00:00";5;;"08/30/2021 00:00:00";"FILÉ DE TILÁPIA IQF. ";"Apreensão";;"Apreensão: Proibição:  Comercialização. Distribuição. Uso. ";"FILÉ DE TILÁPIA IQF";;"10/05/2026 00:00:02"
33727;"25351005387202255";"03112386000111";"Cadastro 1 - AGENCIA NACIONAL DE VIGILANCIA SANITARIA - ANVISA";6;"Alimento";19;"Risco I";2;"Casa Branca Indústria e Comércio de Conservas, Importação e Exportação Ltda";"17932177000129";"70474";"08/25/2022 00:00:00";4;;"05/30/2022 00:00:00";"PALMITO DE PUPUNHA EM CONSERVA. ";"Interdição cautelar";;"Interdição cautelar:  ";"PALMITO DE PUPUNHA EM CONSERVA";;"10/05/2026 00:00:02"
41771;"25351383446202312";"05203396000198";"Rodrigues e Florindo SAÚDE E VIDA LTDA ME";6;"Alimento";19;"Risco I";1;"RODRIGUES & FLORINDO SAUDE E VIDA LTDA ME";"0203396000198";"70477";"06/23/2023 00:00:00";1;5;"06/23/2023 00:00:00";"TODOS. ";"Suspensão";"Comercialização";"Suspensão:  Comercialização. Distribuição. Fabricação. Uso. ";"TODOS";;"10/05/2026 00:00:02"
44989;"25351612818202315";"03112386000111";"Cadastro 1 - AGENCIA NACIONAL DE VIGILANCIA SANITARIA - ANVISA";6;"Alimento";19;"Risco I";1;"César Augusto Ribeiro";"03855103143";"70477";"02/02/2024 00:00:00";2;7;"02/02/2024 00:00:00";" GOTATRIZEN - SOLUÇÃO ORAL - SUPLEMENTO ALIMENTAR EM GOTAS. ";"Proibição";"Uso";"Apreensão: Proibição:  Comercialização. Distribuição. Propaganda. Uso. ";" GOTATRIZEN - SOLUÇÃO ORAL - SUPLEMENTO ALIMENTAR EM GOTAS";;"10/05/2026 00:00:02"
17441;"25351110026202068";"50955707000472";"HEINZ BRASIL S.A.";6;"Alimento";19;"Risco I";1;"HEINZ BRASIL S.A.";"50955707000472";"70478";"02/26/2020 00:00:00";3;8;"02/26/2020 00:00:00";"MILHO VERDE TETRA RECART 200G - MARCA QUERO. ";"Recolhimento";"Voluntário";"Proibição: Recolhimento:  Comercialização. Distribuição. Voluntário. ";"MILHO VERDE TETRA RECART 200G - MARCA QUERO";;"10/05/2026 00:00:02"
22482;"25351515006202080";"03112386000111";"Cadastro 1 - AGENCIA NACIONAL DE VIGILANCIA SANITARIA - ANVISA";6;"Alimento";19;"Risco I";1;"BIOMERCADO BRASIL COMÉRCIO E SERVIÇOS Ltda.";"04529881000193";"70477";"02/05/2021 00:00:00";2;3;"02/05/2021 00:00:00";"GENGIBRE VÉDICO EM PÓ&quot; - MARCA SOULY. ";"Proibição";"Distribuição";"Proibição: Recolhimento:  Comercialização. Distribuição. Propaganda. ";"GENGIBRE VÉDICO EM PÓ" - MARCA SOULY";;"10/05/2026 00:00:02"
40294;"25351072086202318";"03112386000111";"Cadastro 1 - AGENCIA NACIONAL DE VIGILANCIA SANITARIA - ANVISA";6;"Alimento";19;"Risco I";1;"TRUE BRANDS DISTRIBUIDORA DE PRODUTOS SAUDÁVEIS LTDA	";"36681274000211";"70477";"03/21/2023 00:00:00";1;5;"03/21/2023 00:00:00";"SUPLEMENTO ALIMENTAR DE ÔMEGA - LIQUID DHA FOR BABY &amp;amp; KIDS - SABOR LARANJA 30ML - TRUE SOURCE. ";"Suspensão";"Comercialização";"Recolhimento: Suspensão:  Comercialização. Distribuição. Fabricação. Propaganda. Uso. ";"SUPLEMENTO ALIMENTAR DE ÔMEGA - LIQUID DHA FOR BABY &amp; KIDS - SABOR LARANJA 30ML - TRUE SOURCE";;"10/05/2026 00:00:02"
40294;"25351072086202318";"03112386000111";"Cadastro 1 - AGENCIA NACIONAL DE VIGILANCIA SANITARIA - ANVISA";6;"Alimento";19;"Risco I";1;"TRUE BRANDS DISTRIBUIDORA DE PRODUTOS SAUDÁVEIS LTDA	";"36681274000211";"70477";"03/21/2023 00:00:00";3;;"03/21/2023 00:00:00";"SUPLEMENTO ALIMENTAR DE ÔMEGA - LIQUID DHA FOR BABY &amp;amp; KIDS - SABOR LARANJA 30ML - TRUE SOURCE. ";"Recolhimento";;"Recolhimento: Suspensão:  Comercialização. Distribuição. Fabricação. Propaganda. Uso. ";"SUPLEMENTO ALIMENTAR DE ÔMEGA - LIQUID DHA FOR BABY &amp; KIDS - SABOR LARANJA 30ML - TRUE SOURCE";;"10/05/2026 00:00:02"
44903;"25351665286202319";"03361252000134";"MERCADOLIVRE.COM ATIVIDADES DE INTERNET LTDA";8;"Dispositivos Médicos";19;"Risco I";1;"EBAZAR.COM.BR. LTDA&#8203; (MERCADO LIVRE)";"03007331000141";"70447";"01/29/2024 00:00:00";2;5;"01/29/2024 00:00:00";"TENSIÔMETRO OMRON HEM-7600T. ";"Proibição";"Comercialização";"Apreensão: Proibição:  Comercialização. Distribuição. Fabricação. Importação. Propaganda. Uso. ";"TENSIÔMETRO OMRON HEM-7600T";;"10/05/2026 00:00:02"
17441;"25351110026202068";"50955707000472";"HEINZ BRASIL S.A.";6;"Alimento";19;"Risco I";1;"HEINZ BRASIL S.A.";"50955707000472";"70478";"02/26/2020 00:00:00";2;5;"02/26/2020 00:00:00";"MILHO VERDE TETRA RECART 200G - MARCA QUERO. ";"Proibição";"Comercialização";"Proibição: Recolhimento:  Comercialização. Distribuição. Voluntário. ";"MILHO VERDE TETRA RECART 200G - MARCA QUERO";;"10/05/2026 00:00:02"
41771;"25351383446202312";"05203396000198";"Rodrigues e Florindo SAÚDE E VIDA LTDA ME";6;"Alimento";19;"Risco I";1;"RODRIGUES & FLORINDO SAUDE E VIDA LTDA ME";"0203396000198";"70477";"06/23/2023 00:00:00";1;7;"06/23/2023 00:00:00";"TODOS. ";"Suspensão";"Uso";"Suspensão:  Comercialização. Distribuição. Fabricação. Uso. ";"TODOS";;"10/05/2026 00:00:02"
44989;"25351612818202315";"03112386000111";"Cadastro 1 - AGENCIA NACIONAL DE VIGILANCIA SANITARIA - ANVISA";6;"Alimento";19;"Risco I";1;"César Augusto Ribeiro";"03855103143";"70477";"02/02/2024 00:00:00";2;3;"02/02/2024 00:00:00";" GOTATRIZEN - SOLUÇÃO ORAL - SUPLEMENTO ALIMENTAR EM GOTAS. ";"Proibição";"Distribuição";"Apreensão: Proibição:  Comercialização. Distribuição. Propaganda. Uso. ";" GOTATRIZEN - SOLUÇÃO ORAL - SUPLEMENTO ALIMENTAR EM GOTAS";;"10/05/2026 00:00:02"
28563;"25351825785202118";"52107372000115";"BIOMAGISTRAL FARMACEUTICA LTDA";1;"Medicamento";19;"Risco I";1;"BIOMAGISTRAL FARMACÊUTICA LTDA";"52107372000115";"70284";"04/03/2023 00:00:00";1;6;"04/03/2023 00:00:00";;"Suspensão";"Propaganda";"Suspensão:  Propaganda. ";;;"10/05/2026 00:00:02"
12549;"25351027600201984";"46070868003699";"LABORATORIOS PFIZER LTDA";1;"Medicamento";20;"Risco II";1;;;"70289";"03/11/2019 00:00:00";1;4;"03/11/2019 00:00:00";"CHAMPIX - Registrado:102160209. ";"Suspensão";"Importação";"Suspensão:  Importação. ";"CHAMPIX";"102160209";"10/05/2026 00:00:02"
33727;"25351005387202255";"03112386000111";"Cadastro 1 - AGENCIA NACIONAL DE VIGILANCIA SANITARIA - ANVISA";6;"Alimento";19;"Risco I";2;"Casa Branca Indústria e Comércio de Conservas, Importação e Exportação Ltda";"17932177000129";"70474";"08/25/2022 00:00:00";1;3;"08/25/2022 00:00:00";"PALMITO DE PUPUNHA EM CONSERVA. ";"Suspensão";"Distribuição";"Recolhimento: Suspensão:  Comercialização. Distribuição. Uso. ";"PALMITO DE PUPUNHA EM CONSERVA";;"10/05/2026 00:00:02"
40294;"25351072086202318";"03112386000111";"Cadastro 1 - AGENCIA NACIONAL DE VIGILANCIA SANITARIA - ANVISA";6;"Alimento";19;"Risco I";1;"TRUE BRANDS DISTRIBUIDORA DE PRODUTOS SAUDÁVEIS LTDA	";"36681274000211";"70477";"03/21/2023 00:00:00";1;7;"03/21/2023 00:00:00";"SUPLEMENTO ALIMENTAR DE ÔMEGA - LIQUID DHA FOR BABY &amp;amp; KIDS - SABOR LARANJA 30ML - TRUE SOURCE. ";"Suspensão";"Uso";"Recolhimento: Suspensão:  Comercialização. Distribuição. Fabricação. Propaganda. Uso. ";"SUPLEMENTO ALIMENTAR DE ÔMEGA - LIQUID DHA FOR BABY &amp; KIDS - SABOR LARANJA 30ML - TRUE SOURCE";;"10/05/2026 00:00:02"
41771;"25351383446202312";"05203396000198";"Rodrigues e Florindo SAÚDE E VIDA LTDA ME";6;"Alimento";19;"Risco I";1;"RODRIGUES & FLORINDO SAUDE E VIDA LTDA ME";"0203396000198";"70477";"06/23/2023 00:00:00";1;3;"06/23/2023 00:00:00";"TODOS. ";"Suspensão";"Distribuição";"Suspensão:  Comercialização. Distribuição. Fabricação. Uso. ";"TODOS";;"10/05/2026 00:00:02"
22482;"25351515006202080";"03112386000111";"Cadastro 1 - AGENCIA NACIONAL DE VIGILANCIA SANITARIA - ANVISA";6;"Alimento";19;"Risco I";1;"BIOMERCADO BRASIL COMÉRCIO E SERVIÇOS Ltda.";"04529881000193";"70477";"02/05/2021 00:00:00";2;5;"02/05/2021 00:00:00";"GENGIBRE VÉDICO EM PÓ&quot; - MARCA SOULY. ";"Proibição";"Comercialização";"Proibição: Recolhimento:  Comercialização. Distribuição. Propaganda. ";"GENGIBRE VÉDICO EM PÓ" - MARCA SOULY";;"10/05/2026 00:00:02"
29662;"25351151715202111";"03112386000111";"Cadastro 1 - AGENCIA NACIONAL DE VIGILANCIA SANITARIA - ANVISA";6;"Alimento";19;"Risco I";1;"TODAS";;"70479";"12/23/2021 00:00:00";2;6;"12/23/2021 00:00:00";"LEITE PRODUZIDO A PARTIR DE VACAS COM GENOTIPO A2A2. ";"Proibição";"Propaganda";"Proibição:  Propaganda. ";"LEITE PRODUZIDO A PARTIR DE VACAS COM GENOTIPO A2A2";;"10/05/2026 00:00:02"
44903;"25351665286202319";"03361252000134";"MERCADOLIVRE.COM ATIVIDADES DE INTERNET LTDA";8;"Dispositivos Médicos";19;"Risco I";1;"EBAZAR.COM.BR. LTDA&#8203; (MERCADO LIVRE)";"03007331000141";"70447";"01/29/2024 00:00:00";2;3;"01/29/2024 00:00:00";"TENSIÔMETRO OMRON HEM-7600T. ";"Proibição";"Distribuição";"Apreensão: Proibição:  Comercialização. Distribuição. Fabricação. Importação. Propaganda. Uso. ";"TENSIÔMETRO OMRON HEM-7600T";;"10/05/2026 00:00:02"
44903;"25351665286202319";"03361252000134";"MERCADOLIVRE.COM ATIVIDADES DE INTERNET LTDA";8;"Dispositivos Médicos";19;"Risco I";1;"EBAZAR.COM.BR. LTDA&#8203; (MERCADO LIVRE)";"03007331000141";"70447";"01/29/2024 00:00:00";2;7;"01/29/2024 00:00:00";"TENSIÔMETRO OMRON HEM-7600T. ";"Proibição";"Uso";"Apreensão: Proibição:  Comercialização. Distribuição. Fabricação. Importação. Propaganda. Uso. ";"TENSIÔMETRO OMRON HEM-7600T";;"10/05/2026 00:00:02"
53236;"25351198703202576";"02200052000137";"verde flora produtos naturais ltda-me";6;"Alimento";19;"Risco I";1;"VERDEFLORA PRODUTOS NATURAIS LTDA (NATUFORME PRODUTOS NATURAIS)";"02200052000137";"70477";"10/31/2025 00:00:00";2;7;"10/31/2025 00:00:00";"TODOS OS ALIMENTOS, INCLUINDO SUPLEMENTOS . ";"Proibição";"Uso";"Proibição:  Comercialização. Distribuição. Uso. ";"TODOS OS ALIMENTOS, INCLUINDO SUPLEMENTOS ";;"10/05/2026 00:00:02"
53236;"25351198703202576";"02200052000137";"verde flora produtos naturais ltda-me";6;"Alimento";19;"Risco I";1;"VERDEFLORA PRODUTOS NATURAIS LTDA (NATUFORME PRODUTOS NATURAIS)";"02200052000137";"70477";"10/31/2025 00:00:00";2;5;"10/31/2025 00:00:00";"TODOS OS ALIMENTOS, INCLUINDO SUPLEMENTOS . ";"Proibição";"Comercialização";"Proibição:  Comercialização. Distribuição. Uso. ";"TODOS OS ALIMENTOS, INCLUINDO SUPLEMENTOS ";;"10/05/2026 00:00:02"
22482;"25351515006202080";"03112386000111";"Cadastro 1 - AGENCIA NACIONAL DE VIGILANCIA SANITARIA - ANVISA";6;"Alimento";19;"Risco I";1;"BIOMERCADO BRASIL COMÉRCIO E SERVIÇOS Ltda.";"04529881000193";"70477";"02/05/2021 00:00:00";3;;"02/05/2021 00:00:00";"GENGIBRE VÉDICO EM PÓ&quot; - MARCA SOULY. ";"Recolhimento";;"Proibição: Recolhimento:  Comercialização. Distribuição. Propaganda. ";"GENGIBRE VÉDICO EM PÓ" - MARCA SOULY";;"10/05/2026 00:00:02"
33727;"25351005387202255";"03112386000111";"Cadastro 1 - AGENCIA NACIONAL DE VIGILANCIA SANITARIA - ANVISA";6;"Alimento";19;"Risco I";2;"Casa Branca Indústria e Comércio de Conservas, Importação e Exportação Ltda";"17932177000129";"70474";"08/25/2022 00:00:00";1;5;"08/25/2022 00:00:00";"PALMITO DE PUPUNHA EM CONSERVA. ";"Suspensão";"Comercialização";"Recolhimento: Suspensão:  Comercialização. Distribuição. Uso. ";"PALMITO DE PUPUNHA EM CONSERVA";;"10/05/2026 00:00:02"
40294;"25351072086202318";"03112386000111";"Cadastro 1 - AGENCIA NACIONAL DE VIGILANCIA SANITARIA - ANVISA";6;"Alimento";19;"Risco I";1;"TRUE BRANDS DISTRIBUIDORA DE PRODUTOS SAUDÁVEIS LTDA	";"36681274000211";"70477";"03/21/2023 00:00:00";1;2;"03/21/2023 00:00:00";"SUPLEMENTO ALIMENTAR DE ÔMEGA - LIQUID DHA FOR BABY &amp;amp; KIDS - SABOR LARANJA 30ML - TRUE SOURCE. ";"Suspensão";"Fabricação";"Recolhimento: Suspensão:  Comercialização. Distribuição. Fabricação. Propaganda. Uso. ";"SUPLEMENTO ALIMENTAR DE ÔMEGA - LIQUID DHA FOR BABY &amp; KIDS - SABOR LARANJA 30ML - TRUE SOURCE";;"10/05/2026 00:00:02"
44989;"25351612818202315";"03112386000111";"Cadastro 1 - AGENCIA NACIONAL DE VIGILANCIA SANITARIA - ANVISA";6;"Alimento";19;"Risco I";1;"César Augusto Ribeiro";"03855103143";"70477";"02/02/2024 00:00:00";2;5;"02/02/2024 00:00:00";" GOTATRIZEN - SOLUÇÃO ORAL - SUPLEMENTO ALIMENTAR EM GOTAS. ";"Proibição";"Comercialização";"Apreensão: Proibição:  Comercialização. Distribuição. Propaganda. Uso. ";" GOTATRIZEN - SOLUÇÃO ORAL - SUPLEMENTO ALIMENTAR EM GOTAS";;"10/05/2026 00:00:02"
26804;"25351498903202101";"03112386000111";"Cadastro 1 - AGENCIA NACIONAL DE VIGILANCIA SANITARIA - ANVISA";6;"Alimento";19;"Risco I";1;"DESCONHECIDA";"DESCONHECIDO";"70476";"08/30/2021 00:00:00";2;5;"08/30/2021 00:00:00";"FILÉ DE TILÁPIA IQF. ";"Proibição";"Comercialização";"Apreensão: Proibição:  Comercialização. Distribuição. Uso. ";"FILÉ DE TILÁPIA IQF";;"10/05/2026 00:00:02"
44903;"25351665286202319";"03361252000134";"MERCADOLIVRE.COM ATIVIDADES DE INTERNET LTDA";8;"Dispositivos Médicos";19;"Risco I";1;"EBAZAR.COM.BR. LTDA&#8203; (MERCADO LIVRE)";"03007331000141";"70447";"01/29/2024 00:00:00";2;6;"01/29/2024 00:00:00";"TENSIÔMETRO OMRON HEM-7600T. ";"Proibição";"Propaganda";"Apreensão: Proibição:  Comercialização. Distribuição. Fabricação. Importação. Propaganda. Uso. ";"TENSIÔMETRO OMRON HEM-7600T";;"10/05/2026 00:00:02"
17441;"25351110026202068";"50955707000472";"HEINZ BRASIL S.A.";6;"Alimento";19;"Risco I";1;"HEINZ BRASIL S.A.";"50955707000472";"70478";"02/26/2020 00:00:00";2;3;"02/26/2020 00:00:00";"MILHO VERDE TETRA RECART 200G - MARCA QUERO. ";"Proibição";"Distribuição";"Proibição: Recolhimento:  Comercialização. Distribuição. Voluntário. ";"MILHO VERDE TETRA RECART 200G - MARCA QUERO";;"10/05/2026 00:00:02"
44903;"25351665286202319";"03361252000134";"MERCADOLIVRE.COM ATIVIDADES DE INTERNET LTDA";8;"Dispositivos Médicos";19;"Risco I";1;"EBAZAR.COM.BR. LTDA&#8203; (MERCADO LIVRE)";"03007331000141";"70447";"01/29/2024 00:00:00";2;2;"01/29/2024 00:00:00";"TENSIÔMETRO OMRON HEM-7600T. ";"Proibição";"Fabricação";"Apreensão: Proibição:  Comercialização. Distribuição. Fabricação. Importação. Propaganda. Uso. ";"TENSIÔMETRO OMRON HEM-7600T";;"10/05/2026 00:00:02"
27163;"25351269597202199";"08183359000153";"PRODIET NUTRIÇÃO CLINICA S.A.";6;"Alimento";19;"Risco I";1;"PRODIET NUTRIÇAO CLINICA LTDA";"08183359000153";"70477";"09/14/2021 00:00:00";4;;"09/14/2021 00:00:00";"FORMULA PADRAO PARA NUTRICAO ENTERAL E ORAL MARCA TROPHIC 1.5 REGISTRO NA ANVISA 6.6320.0004. ";"Interdição cautelar";;"Interdição cautelar:  ";"FORMULA PADRAO PARA NUTRICAO ENTERAL E ORAL MARCA TROPHIC 1.5 REGISTRO NA ANVISA 6.6320.0004";;"10/05/2026 00:00:02"
26804;"25351498903202101";"03112386000111";"Cadastro 1 - AGENCIA NACIONAL DE VIGILANCIA SANITARIA - ANVISA";6;"Alimento";19;"Risco I";1;"DESCONHECIDA";"DESCONHECIDO";"70476";"08/30/2021 00:00:00";2;7;"08/30/2021 00:00:00";"FILÉ DE TILÁPIA IQF. ";"Proibição";"Uso";"Apreensão: Proibição:  Comercialização. Distribuição. Uso. ";"FILÉ DE TILÁPIA IQF";;"10/05/2026 00:00:02"
40294;"25351072086202318";"03112386000111";"Cadastro 1 - AGENCIA NACIONAL DE VIGILANCIA SANITARIA - ANVISA";6;"Alimento";19;"Risco I";1;"TRUE BRANDS DISTRIBUIDORA DE PRODUTOS SAUDÁVEIS LTDA	";"36681274000211";"70477";"03/21/2023 00:00:00";1;3;"03/21/2023 00:00:00";"SUPLEMENTO ALIMENTAR DE ÔMEGA - LIQUID DHA FOR BABY &amp;amp; KIDS - SABOR LARANJA 30ML - TRUE SOURCE. ";"Suspensão";"Distribuição";"Recolhimento: Suspensão:  Comercialização. Distribuição. Fabricação. Propaganda. Uso. ";"SUPLEMENTO ALIMENTAR DE ÔMEGA - LIQUID DHA FOR BABY &amp; KIDS - SABOR LARANJA 30ML - TRUE SOURCE";;"10/05/2026 00:00:02"
33466;"25351038647202279";"03112386000111";"Cadastro 1 - AGENCIA NACIONAL DE VIGILANCIA SANITARIA - ANVISA";6;"Alimento";19;"Risco I";1;"DESCONHECIDA";"DESCONHECIDO";"70477";"05/20/2022 00:00:00";1;6;"05/20/2022 00:00:00";"SUPLEMENTO ALIMENTAR EM CÁPSULAS DA MARCA PROSTAZIL. ";"Suspensão";"Propaganda";"Suspensão:  Propaganda. ";"SUPLEMENTO ALIMENTAR EM CÁPSULAS DA MARCA PROSTAZIL";;"10/05/2026 00:00:02"
44903;"25351665286202319";"03361252000134";"MERCADOLIVRE.COM ATIVIDADES DE INTERNET LTDA";8;"Dispositivos Médicos";19;"Risco I";1;"EBAZAR.COM.BR. LTDA&#8203; (MERCADO LIVRE)";"03007331000141";"70447";"01/29/2024 00:00:00";5;;"01/29/2024 00:00:00";"TENSIÔMETRO OMRON HEM-7600T. ";"Apreensão";;"Apreensão: Proibição:  Comercialização. Distribuição. Fabricação. Importação. Propaganda. Uso. ";"TENSIÔMETRO OMRON HEM-7600T";;"10/05/2026 00:00:02"
40294;"25351072086202318";"03112386000111";"Cadastro 1 - AGENCIA NACIONAL DE VIGILANCIA SANITARIA - ANVISA";6;"Alimento";19;"Risco I";1;"TRUE BRANDS DISTRIBUIDORA DE PRODUTOS SAUDÁVEIS LTDA	";"36681274000211";"70477";"03/21/2023 00:00:00";1;6;"03/21/2023 00:00:00";"SUPLEMENTO ALIMENTAR DE ÔMEGA - LIQUID DHA FOR BABY &amp;amp; KIDS - SABOR LARANJA 30ML - TRUE SOURCE. ";"Suspensão";"Propaganda";"Recolhimento: Suspensão:  Comercialização. Distribuição. Fabricação. Propaganda. Uso. ";"SUPLEMENTO ALIMENTAR DE ÔMEGA - LIQUID DHA FOR BABY &amp; KIDS - SABOR LARANJA 30ML - TRUE SOURCE";;"10/05/2026 00:00:02"
13462;"25351235908201900";"03112386000111";"Cadastro 1 - AGENCIA NACIONAL DE VIGILANCIA SANITARIA - ANVISA";6;"Alimento";19;"Risco I";1;"Fibra Comércio e Indústria de Alimentos e Transportes Eireli";"10746705000106";"70474";"05/06/2019 00:00:00";3;;"05/06/2019 00:00:00";"FEIJAO DE CORDA MARCA FIBRA. ";"Recolhimento";;"Recolhimento:  ";"FEIJAO DE CORDA MARCA FIBRA";;"10/05/2026 00:00:02"
41771;"25351383446202312";"05203396000198";"Rodrigues e Florindo SAÚDE E VIDA LTDA ME";6;"Alimento";19;"Risco I";1;"RODRIGUES & FLORINDO SAUDE E VIDA LTDA ME";"0203396000198";"70477";"06/23/2023 00:00:00";1;2;"06/23/2023 00:00:00";"TODOS. ";"Suspensão";"Fabricação";"Suspensão:  Comercialização. Distribuição. Fabricação. Uso. ";"TODOS";;"10/05/2026 00:00:02"
45947;"25351906824202411";"03112386000111";"Cadastro 1 - AGENCIA NACIONAL DE VIGILANCIA SANITARIA - ANVISA";6;"Alimento";19;"Risco I";1;"CAPSUL BRASIL INDUSTRIA E COMERCIO S.A.";"29822523000103";"70479";"04/19/2024 00:00:00";1;6;"04/19/2024 00:00:00";"SUPLEMENTO ALIMENTAR EM CÁPSULAS DA MARCA EVO CONTROL. ";"Suspensão";"Propaganda";"Suspensão:  Propaganda. ";"SUPLEMENTO ALIMENTAR EM CÁPSULAS DA MARCA EVO CONTROL";;"10/05/2026 00:00:02"
44989;"25351612818202315";"03112386000111";"Cadastro 1 - AGENCIA NACIONAL DE VIGILANCIA SANITARIA - ANVISA";6;"Alimento";19;"Risco I";1;"César Augusto Ribeiro";"03855103143";"70477";"02/02/2024 00:00:00";2;6;"02/02/2024 00:00:00";" GOTATRIZEN - SOLUÇÃO ORAL - SUPLEMENTO ALIMENTAR EM GOTAS. ";"Proibição";"Propaganda";"Apreensão: Proibição:  Comercialização. Distribuição. Propaganda. Uso. ";" GOTATRIZEN - SOLUÇÃO ORAL - SUPLEMENTO ALIMENTAR EM GOTAS";;"10/05/2026 00:00:02"
12981;"25351415581201869";"43426626000177";"ALLERGAN PRODUTOS FARMACÊUTICOS LTDA";8;"Dispositivos Médicos";19;"Risco I";1;"desconhecida";"desconhecido";"70449";"04/18/2019 00:00:00";5;;"04/18/2019 00:00:00";"JUVEDERM ULTRA 4. ";"Apreensão";;"Apreensão: Inutilização:  ";"JUVEDERM ULTRA 4";;"10/05/2026 00:00:02"
44989;"25351612818202315";"03112386000111";"Cadastro 1 - AGENCIA NACIONAL DE VIGILANCIA SANITARIA - ANVISA";6;"Alimento";19;"Risco I";1;"César Augusto Ribeiro";"03855103143";"70477";"02/02/2024 00:00:00";5;;"02/02/2024 00:00:00";" GOTATRIZEN - SOLUÇÃO ORAL - SUPLEMENTO ALIMENTAR EM GOTAS. ";"Apreensão";;"Apreensão: Proibição:  Comercialização. Distribuição. Propaganda. Uso. ";" GOTATRIZEN - SOLUÇÃO ORAL - SUPLEMENTO ALIMENTAR EM GOTAS";;"10/05/2026 00:00:02"
18543;"25351387953202074";"15670288000189";"GILEAD SCIENCES FARMACEUTICA DO BRASIL LTDA";1;"Medicamento";19;"Risco I";2;"Marazis Assessoria em Importação, Exportação e Serviços de Intermediação Ltda (Medic Pharma)";"23624268000108";"70285";"06/12/2020 00:00:00";2;4;"06/12/2020 00:00:00";"HARVONI. HARVONI . ";"Proibição";"Importação";"Apreensão: Inutilização: Proibição:  Comercialização. Distribuição. Importação. Uso. ";"HARVONI ";;"10/05/2026 00:00:02"
