NO_PRODUTO;NU_PROCESSO;NU_CNPJ_EMPRESA;NO_RAZAO_SOCIAL_EMPRESA;ST_PRODUTO_ATIVO;NU_REGISTRO_PRODUTO;DT_VENCIMENTO_PRODUTO;IS_REGISTRADO;NU_EXPEDIENTE;DT_ATUALIZACAO
"DT WASH SUPER GEL";"25351650678202111";"08409808000139";"Quimilub produtos e serviços ltda";"S";;"06/21/2031 10:01:26";0;"2398192211";"10/05/2026 00:00:00"
"LAV-TEX UMEC SOLV";"25351028522202231";"08409808000139";"Quimilub produtos e serviços ltda";"S";;"01/18/2032 10:00:35";0;"0229261221";"10/05/2026 00:00:00"
"DESENGEL";"25351117406202295";"08409808000139";"Quimilub produtos e serviços ltda";"S";;"03/01/2032 02:00:36";0;"0770411223";"10/05/2026 00:00:00"
"Max Alclor";"25351899440202010";"28972543000190";"Biomaxx Industria e comercio Ltda";"N";;"03/21/2022 00:10:44";0;"2969001209";"10/05/2026 00:00:00"
"MAX SOLUPAN";"25351267331202021";"28972543000190";"Biomaxx Industria e comercio Ltda";"N";;"07/11/2023 10:44:29";0;"3637145201";"10/05/2026 00:00:00"
"GENIAL – PASTILHAS DE CLORO MULTI-AÇÃO 3 EM 1";"25351448523202460";"07415503000177";"A&A GOLD PHARMA INDUSTRIA LTDA";"S";;"11/28/2034 15:12:53";0;"1631911244";"10/05/2026 00:00:00"
"Vulcano – Cera de Proteção Alto Brilho";"25351029454202570";"11847229000182";"R.B.DOS SANTOS PRODUTOS AUTOMOTIVOS";"S";;"02/26/2035 16:10:50";0;"0274242257";"10/05/2026 00:00:00"
"ÁLCOOL EM GEL
LIMPADOR DE USO GERAL";"25351232750202041";"21946956000150";"CLIMA LAB ANALISES, COMERCIO E INDUSTRIA LTDA - ME";"S";;"03/30/2030 00:00:00";0;"0951502200";"10/05/2026 00:00:00"
"ALVEJANTE SEM CLORO
CORVIVA";"25351402343201974";"10474943000100";"RAFAEL ACANJO FORTUNA";"S";;"07/15/2029 00:00:00";0;"0615805196";"10/05/2026 00:00:00"
"DESINFETANTE - ALTOLIM";"253510082870275";"01031635000119";"ALTOLIN INDÚSTRIA E COMÉRCIO DE PRODUTOS DE LIMPEZA LTDA";"S";"325980010";"09/30/2027 00:00:00";1;"046378027";"10/05/2026 00:00:00"
"DESODORIZANTE PARA LIXEIRAS MAXLIM";"253510000870292";"27516400000100";"STRATU'S COM IND PRODS QUIMS LTDA";"S";"309440025";"04/30/2007 00:00:00";1;"000719026";"10/05/2026 00:00:00"
"QUIMITOL 620 - PRODUTO CÁUSTICO, LÍQUIDO - SISTEMAS "CIP" E "IMERSÃO"";"25351370293200634";"79207957000163";"Quimitol Industria e Comercio de Produtos Quimicos Ltda";"S";"309970006";"11/30/2026 00:00:00";1;"495222067";"10/05/2026 00:00:00"
"ÁGUA SANITÁRIA OLIMPO";"2500100326581";"11507415000172";"INDÚSTRIAS REUNIDAS RAYMUNDO DA FONTE S/A";"S";"3069300001";"03/15/2027 00:00:00";1;"174502076";"10/05/2026 00:00:00"
"REMOVEDOR DE CONCRETO FABRILL DECRUST "E"";"25351812893200803";"03068670000138";"WFABRILL INDÚSTRIA E COMÉRCIO LTDA";"S";"325580019";"01/31/2019 00:00:00";1;"502517086";"10/05/2026 00:00:00"
"AGUA SANITÁRIA D'CASA";"25025051483100";"07068662000142";"CALVATIS INDUSTRIA QUIMICA LTDA";"S";"337440002";"05/31/2026 00:00:00";1;"807069105";"10/05/2026 00:00:00"
"DESINFETANTE HORTIFRUTI";"25351229435202207";"09228004000104";"BIOCLEAN - COMÉRCIO E INDÚSTRIA DE PRODUTOS DE LIMPEZA LTDA";"S";"341860023";"04/30/3033 00:00:00";1;"4938263211";"10/05/2026 00:00:00"
"ALVEJANTE COM CLORO CLOROSAY";"250000500649978";"48622237000130";"K & M IND. E COM., IMP. E EXP., DE PRODUTOS DE HIGIENE E LIMPEZA LTDA";"N";"303600058";;1;"166356999";"10/05/2026 00:00:00"
"NTH DCA 20-2 – DETERGENTE ALCALINO CLORADO";"25351478365201400";"02658395000140";"NATHAN - QUIMICA INDUSTRIA E COMERCIO LTDA-EPP";"N";"327360006";;1;"0665888141";"10/05/2026 00:00:00"
"PLAXPAST DETERGENTE SURFACTANTE UMECTANTE";"25351162785200224";"40433245000127";"PLAX INDÚSTRIA E COMÉRCIO DE SOLVENTES LTDA";"N";"315680043";"06/20/2007 00:00:00";0;"056531028";"10/05/2026 00:00:00"
"AQUAFLEX DT PÓ 100&#8207;";"25351681275200928";"00171138000153";"AQUAFLEX INDÚSTRIA E COMÉRCIO LTDA-ME";"N";;"11/18/2014 00:00:00";0;"884285090";"10/05/2026 00:00:00"
"AROMATIZADOR DE AMBIENTE "AS MENINAS"

SPRAY";"25351220452201894";"07304309000114";"DEDA INDUSTRIA DE PRODUTOS DE HIGIENE LTDA";"S";;"04/19/2028 00:00:00";0;"0310172180";"10/05/2026 00:00:00"
"AROMATIZADOR DE AMBIENTE "AS MENINAS"";"25351220433201868";"07304309000114";"DEDA INDUSTRIA DE PRODUTOS DE HIGIENE LTDA";"S";;"04/19/2028 00:00:00";0;"0310035189";"10/05/2026 00:00:00"
"AMACIANTE DE ROUPAS";"25025023405963";"90560822000110";"BEL INDÚSTRIA DE COSMÉTICOS LTDA";"S";"317510001";"11/30/2001 00:00:00";1;"999030172";"10/05/2026 00:00:00"
